label,message,threat_type,intent,source_type,difficulty,template_group,category,anchor_text,url
spam,Limited time offer. This is a limited time deal and you should act fast. Limited availability.,OTHER,MALICIOUS,REAL_PUBLIC_DATA,EASY,base_033c6a9225,pdf_base,,
spam,"Urgent account alert. This offer expires soon, so take action now. Last chance. .",OTHER,MALICIOUS,REAL_PUBLIC_DATA,EASY,base_486083c612,pdf_base,,
spam,Free gift waiting. This is a limited time deal and you should act fast. Offer ends very soon.,OTHER,MALICIOUS,REAL_PUBLIC_DATA,EASY,base_72c2e6d6c5,pdf_base,,
ham,Appointment follow-up. The order has been confirmed and details are attached below. Looking forward to your response.,NONE,BENIGN,REAL_PUBLIC_DATA,EASY,base_71ba8dc99a,pdf_base,,
spam,"Special deal for you. This offer expires soon, so take action now. Limited availability. .",OTHER,MALICIOUS,REAL_PUBLIC_DATA,EASY,base_f2c9f0a9dc,pdf_base,,
spam,"Claim your prize now. This offer expires soon, so take action now. Offer ends very soon. .",OTHER,MALICIOUS,REAL_PUBLIC_DATA,EASY,base_a2694f9a4a,pdf_base,,
ham,Appointment follow-up. The meeting is scheduled for tomorrow afternoon in the office. I appreciate your time.,NONE,BENIGN,REAL_PUBLIC_DATA,EASY,base_79130e3dd7,pdf_base,,
spam,Claim your prize now. Your account may be suspended unless you respond now. Do not miss this opportunity.,OTHER,MALICIOUS,REAL_PUBLIC_DATA,EASY,base_92d228faa7,pdf_base,,
spam,"Congratulations you won. This is a limited time deal and you should act fast. No reply is needed, act now. .",OTHER,MALICIOUS,REAL_PUBLIC_DATA,EASY,base_369179dbb6,pdf_base,,
ham,Weekly schedule. Dinner is planned for Saturday evening at home. I appreciate your time.,NONE,BENIGN,REAL_PUBLIC_DATA,EASY,base_39e4b8be24,pdf_base,,
ham,Lunch plan. Please review the file and send your feedback when you are free. Thanks for your help.,NONE,BENIGN,REAL_PUBLIC_DATA,EASY,base_b8682e04fe,pdf_base,,
ham,Family plan. The meeting is scheduled for tomorrow afternoon in the office. Looking forward to your response.,NONE,BENIGN,REAL_PUBLIC_DATA,EASY,base_4215f80fdb,pdf_base,,
ham,Family plan. Please confirm your availability for the appointment. I appreciate your time.,NONE,BENIGN,REAL_PUBLIC_DATA,EASY,base_e1344fc951,pdf_base,,
spam,"Free gift waiting. Your payment failed, update your information right away. Last chance. .",OTHER,MALICIOUS,REAL_PUBLIC_DATA,EASY,base_f658a17c3b,pdf_base,,
spam,"Exclusive bonus inside. Do not miss this exclusive reward, claim it today. No reply is needed, act now. .",OTHER,MALICIOUS,REAL_PUBLIC_DATA,EASY,base_2e4df99311,pdf_base,,
ham,Meeting reminder. Let us meet after class to discuss the assignment. I appreciate your time.,NONE,BENIGN,REAL_PUBLIC_DATA,EASY,base_e1ab785dd3,pdf_base,,
ham,Homework question. Please review the file and send your feedback when you are free. Thanks for your help.,NONE,BENIGN,REAL_PUBLIC_DATA,EASY,base_ce6bc381b3,pdf_base,,
spam,"Verify your account today. Your payment failed, update your information right away. Offer ends very soon. .",OTHER,MALICIOUS,REAL_PUBLIC_DATA,EASY,base_47813bce44,pdf_base,,
spam,Free gift waiting. You have been selected for a special bonus offer. Last chance.,OTHER,MALICIOUS,REAL_PUBLIC_DATA,EASY,base_50244dc35b,pdf_base,,
spam,"Action required immediately. Do not miss this exclusive reward, claim it today. Limited availability. .",OTHER,MALICIOUS,REAL_PUBLIC_DATA,EASY,base_b9e06dbbd3,pdf_base,,
spam,Final notice payment needed. This is a limited time deal and you should act fast. Limited availability.,OTHER,MALICIOUS,REAL_PUBLIC_DATA,EASY,base_75d77e6129,pdf_base,,
ham,Team discussion. The meeting is scheduled for tomorrow afternoon in the office. Please reply when convenient.,NONE,BENIGN,REAL_PUBLIC_DATA,EASY,base_51ed76763e,pdf_base,,
spam,Congratulations you won. We detected unusual activity and need verification immediately. Last chance.,OTHER,MALICIOUS,REAL_PUBLIC_DATA,EASY,base_e5906419e9,pdf_base,,
ham,Weekly schedule. The order has been confirmed and details are attached below. I appreciate your time.,NONE,BENIGN,REAL_PUBLIC_DATA,EASY,base_40d7ee88d9,pdf_base,,
ham,Team discussion. The order has been confirmed and details are attached below. Please reply when convenient.,NONE,BENIGN,REAL_PUBLIC_DATA,EASY,base_e0f134ccd2,pdf_base,,
ham,Meeting reminder. I completed the task and shared the latest version for review. Thanks for your help.,NONE,BENIGN,REAL_PUBLIC_DATA,EASY,base_5e14875f57,pdf_base,,
ham,Family plan. Dinner is planned for Saturday evening at home. Thanks for your help.,NONE,BENIGN,REAL_PUBLIC_DATA,EASY,base_6b8cce8a1d,pdf_base,,
spam,"Verify your account today. Your payment failed, update your information right away. Last chance. .",OTHER,MALICIOUS,REAL_PUBLIC_DATA,EASY,base_47813bce44,pdf_base,,
ham,Family plan. Please confirm your availability for the appointment. Looking forward to your response.,NONE,BENIGN,REAL_PUBLIC_DATA,EASY,base_e1344fc951,pdf_base,,
spam,Special deal for you. Please confirm your details to receive your prize. Offer ends very soon.,OTHER,MALICIOUS,REAL_PUBLIC_DATA,EASY,base_699ca0801c,pdf_base,,
spam,"Exclusive bonus inside. We detected unusual activity and need verification immediately. No reply is needed, act now. .",OTHER,MALICIOUS,REAL_PUBLIC_DATA,EASY,base_71e0658e4f,pdf_base,,
ham,Weekly schedule. We need to finalize the timeline before Friday. Let me know if anything changes.,NONE,BENIGN,REAL_PUBLIC_DATA,EASY,base_0221a2d016,pdf_base,,
spam,Limited time offer. Your account may be suspended unless you respond now. Offer ends very soon.,OTHER,MALICIOUS,REAL_PUBLIC_DATA,EASY,base_874d9279e6,pdf_base,,
ham,Family plan. Here are the notes for this week and the next steps. Please reply when convenient.,NONE,BENIGN,REAL_PUBLIC_DATA,EASY,base_7ec827f283,pdf_base,,
ham,Lunch plan. Can you check this and reply when convenient? Thanks for your help.,NONE,BENIGN,REAL_PUBLIC_DATA,EASY,base_cd13aac14b,pdf_base,,
spam,Exclusive bonus inside. Click the link to claim your reward before it expires. Last chance.,OTHER,MALICIOUS,REAL_PUBLIC_DATA,EASY,base_9742eace43,pdf_base,,
ham,Family plan. Dinner is planned for Saturday evening at home. Looking forward to your response.,NONE,BENIGN,REAL_PUBLIC_DATA,EASY,base_6b8cce8a1d,pdf_base,,
spam,Special deal for you. Unlock premium access with this one time opportunity. Last chance.,OTHER,MALICIOUS,REAL_PUBLIC_DATA,EASY,base_92ba2c1362,pdf_base,,
spam,"Verify your account today. Your payment failed, update your information right away. No reply is needed, act now. .",OTHER,MALICIOUS,REAL_PUBLIC_DATA,EASY,base_47813bce44,pdf_base,,
ham,Weekly schedule. Can you check this and reply when convenient? Thanks for your help.,NONE,BENIGN,REAL_PUBLIC_DATA,EASY,base_58161f811d,pdf_base,,
ham,Weekly schedule. I completed the task and shared the latest version for review. Please reply when convenient.,NONE,BENIGN,REAL_PUBLIC_DATA,EASY,base_7e6b85622e,pdf_base,,
spam,Verify your account today. We detected unusual activity and need verification immediately. Do not miss this opportunity.,OTHER,MALICIOUS,REAL_PUBLIC_DATA,EASY,base_2fa60f6d8d,pdf_base,,
ham,Project update. Here are the notes for this week and the next steps. Please reply when convenient.,NONE,BENIGN,REAL_PUBLIC_DATA,EASY,base_d1ac38b1ce,pdf_base,,
ham,Homework question. Here are the notes for this week and the next steps. Let me know if anything changes.,NONE,BENIGN,REAL_PUBLIC_DATA,EASY,base_f0fec3f4cb,pdf_base,,
ham,Family plan. Here are the notes for this week and the next steps. I appreciate your time.,NONE,BENIGN,REAL_PUBLIC_DATA,EASY,base_7ec827f283,pdf_base,,
spam,Action required immediately. You have been selected for a special bonus offer. Offer ends very soon.,OTHER,MALICIOUS,REAL_PUBLIC_DATA,EASY,base_9470c82b66,pdf_base,,
ham,Lunch plan. Please confirm your availability for the appointment. I appreciate your time.,NONE,BENIGN,REAL_PUBLIC_DATA,EASY,base_6f0424c4b8,pdf_base,,
spam,"Exclusive bonus inside. This offer expires soon, so take action now. Last chance. .",OTHER,MALICIOUS,REAL_PUBLIC_DATA,EASY,base_1ca9d81a2c,pdf_base,,
spam,Urgent account alert. We detected unusual activity and need verification immediately. Offer ends very soon.,OTHER,MALICIOUS,REAL_PUBLIC_DATA,EASY,base_338c5c4fd5,pdf_base,,
ham,Family plan. Can you check this and reply when convenient? Let me know if anything changes.,NONE,BENIGN,REAL_PUBLIC_DATA,EASY,base_afa2d53328,pdf_base,,
ham,Family plan. The meeting is scheduled for tomorrow afternoon in the office. I appreciate your time.,NONE,BENIGN,REAL_PUBLIC_DATA,EASY,base_4215f80fdb,pdf_base,,
ham,Lunch plan. Here are the notes for this week and the next steps. Looking forward to your response.,NONE,BENIGN,REAL_PUBLIC_DATA,EASY,base_e96015d131,pdf_base,,
ham,Order confirmation. Dinner is planned for Saturday evening at home. Thanks for your help.,NONE,BENIGN,REAL_PUBLIC_DATA,EASY,base_5506bd6a8f,pdf_base,,
ham,Project update. Let us meet after class to discuss the assignment. Thanks for your help.,NONE,BENIGN,REAL_PUBLIC_DATA,EASY,base_966dbadf43,pdf_base,,
spam,Special deal for you. This is a limited time deal and you should act fast. Last chance.,OTHER,MALICIOUS,REAL_PUBLIC_DATA,EASY,base_d3092a0ba4,pdf_base,,
ham,Order confirmation. Please confirm your availability for the appointment. Please reply when convenient.,NONE,BENIGN,REAL_PUBLIC_DATA,EASY,base_3d1852c39c,pdf_base,,
spam,"Free gift waiting. This offer expires soon, so take action now. No reply is needed, act now. .",OTHER,MALICIOUS,REAL_PUBLIC_DATA,EASY,base_978050d4dc,pdf_base,,
ham,Lunch plan. Let us meet after class to discuss the assignment. Please reply when convenient.,NONE,BENIGN,REAL_PUBLIC_DATA,EASY,base_5218940fbf,pdf_base,,
ham,Lunch plan. The order has been confirmed and details are attached below. I appreciate your time.,NONE,BENIGN,REAL_PUBLIC_DATA,EASY,base_2535590091,pdf_base,,
ham,Class notes. Dinner is planned for Saturday evening at home. Thanks for your help.,NONE,BENIGN,REAL_PUBLIC_DATA,EASY,base_a7e0de16f2,pdf_base,,
spam,"Final notice payment needed. This offer expires soon, so take action now. No reply is needed, act now. .",OTHER,MALICIOUS,REAL_PUBLIC_DATA,EASY,base_09c5ed62a4,pdf_base,,
spam,"Verify your account today. This offer expires soon, so take action now. No reply is needed, act now. .",OTHER,MALICIOUS,REAL_PUBLIC_DATA,EASY,base_980cacb8b4,pdf_base,,
spam,"Limited time offer. Unlock premium access with this one time opportunity. No reply is needed, act now. .",OTHER,MALICIOUS,REAL_PUBLIC_DATA,EASY,base_9af1f8807c,pdf_base,,
ham,Homework question. Here are the notes for this week and the next steps. Please reply when convenient.,NONE,BENIGN,REAL_PUBLIC_DATA,EASY,base_f0fec3f4cb,pdf_base,,
spam,"Final notice payment needed. We detected unusual activity and need verification immediately. No reply is needed, act now. .",OTHER,MALICIOUS,REAL_PUBLIC_DATA,EASY,base_2bffd7f708,pdf_base,,
ham,Lunch plan. The order has been confirmed and details are attached below. Please reply when convenient.,NONE,BENIGN,REAL_PUBLIC_DATA,EASY,base_2535590091,pdf_base,,
ham,Homework question. Please review the file and send your feedback when you are free. I appreciate your time.,NONE,BENIGN,REAL_PUBLIC_DATA,EASY,base_ce6bc381b3,pdf_base,,
ham,Order confirmation. I completed the task and shared the latest version for review. Please reply when convenient.,NONE,BENIGN,REAL_PUBLIC_DATA,EASY,base_487c1df9fd,pdf_base,,
ham,Team discussion. Please confirm your availability for the appointment. Thanks for your help.,NONE,BENIGN,REAL_PUBLIC_DATA,EASY,base_ad09d1a93d,pdf_base,,
ham,Class notes. I completed the task and shared the latest version for review. I appreciate your time.,NONE,BENIGN,REAL_PUBLIC_DATA,EASY,base_4b0644d4e8,pdf_base,,
ham,Meeting reminder. Please confirm your availability for the appointment. Let me know if anything changes.,NONE,BENIGN,REAL_PUBLIC_DATA,EASY,base_a78344f60d,pdf_base,,
ham,Lunch plan. Let us meet after class to discuss the assignment. Let me know if anything changes.,NONE,BENIGN,REAL_PUBLIC_DATA,EASY,base_5218940fbf,pdf_base,,
ham,Team discussion. Please confirm your availability for the appointment. Let me know if anything changes.,NONE,BENIGN,REAL_PUBLIC_DATA,EASY,base_ad09d1a93d,pdf_base,,
ham,Lunch plan. Please review the file and send your feedback when you are free. Looking forward to your response.,NONE,BENIGN,REAL_PUBLIC_DATA,EASY,base_b8682e04fe,pdf_base,,
ham,Homework question. The order has been confirmed and details are attached below. Thanks for your help.,NONE,BENIGN,REAL_PUBLIC_DATA,EASY,base_5ecdebe504,pdf_base,,
ham,Class notes. Here are the notes for this week and the next steps. Looking forward to your response.,NONE,BENIGN,REAL_PUBLIC_DATA,EASY,base_6a594a0ba0,pdf_base,,
ham,Class notes. Please review the file and send your feedback when you are free. Thanks for your help.,NONE,BENIGN,REAL_PUBLIC_DATA,EASY,base_03fb4b217a,pdf_base,,
spam,"Limited time offer. Your payment failed, update your information right away. Limited availability. .",OTHER,MALICIOUS,REAL_PUBLIC_DATA,EASY,base_f4f1f38ae9,pdf_base,,
spam,Claim your prize now. Click the link to claim your reward before it expires. Last chance.,OTHER,MALICIOUS,REAL_PUBLIC_DATA,EASY,base_5079327eb5,pdf_base,,
ham,Weekly schedule. Please confirm your availability for the appointment. Please reply when convenient.,NONE,BENIGN,REAL_PUBLIC_DATA,EASY,base_f02f878224,pdf_base,,
spam,"Final notice payment needed. Please confirm your details to receive your prize. No reply is needed, act now. .",OTHER,MALICIOUS,REAL_PUBLIC_DATA,EASY,base_34d710d3c0,pdf_base,,
spam,Urgent account alert. Please confirm your details to receive your prize. Do not miss this opportunity.,OTHER,MALICIOUS,REAL_PUBLIC_DATA,EASY,base_99ae762528,pdf_base,,
spam,"Limited time offer. We detected unusual activity and need verification immediately. No reply is needed, act now. .",OTHER,MALICIOUS,REAL_PUBLIC_DATA,EASY,base_4691e159d5,pdf_base,,
ham,Appointment follow-up. Please confirm your availability for the appointment. Thanks for your help.,NONE,BENIGN,REAL_PUBLIC_DATA,EASY,base_5d5108dfeb,pdf_base,,
spam,"Free gift waiting. Your payment failed, update your information right away. Do not miss this opportunity. .",OTHER,MALICIOUS,REAL_PUBLIC_DATA,EASY,base_f658a17c3b,pdf_base,,
spam,"Final notice payment needed. This offer expires soon, so take action now. Offer ends very soon. .",OTHER,MALICIOUS,REAL_PUBLIC_DATA,EASY,base_09c5ed62a4,pdf_base,,
ham,Appointment follow-up. The order has been confirmed and details are attached below. Thanks for your help.,NONE,BENIGN,REAL_PUBLIC_DATA,EASY,base_71ba8dc99a,pdf_base,,
spam,Final notice payment needed. Please confirm your details to receive your prize. Offer ends very soon.,OTHER,MALICIOUS,REAL_PUBLIC_DATA,EASY,base_34d710d3c0,pdf_base,,
spam,Free gift waiting. Unlock premium access with this one time opportunity. Last chance.,OTHER,MALICIOUS,REAL_PUBLIC_DATA,EASY,base_ddd7b1f618,pdf_base,,
spam,Free gift waiting. You have been selected for a special bonus offer. Limited availability.,OTHER,MALICIOUS,REAL_PUBLIC_DATA,EASY,base_50244dc35b,pdf_base,,
spam,Limited time offer. Please confirm your details to receive your prize. Last chance.,OTHER,MALICIOUS,REAL_PUBLIC_DATA,EASY,base_0293897ea5,pdf_base,,
ham,Class notes. The order has been confirmed and details are attached below. Looking forward to your response.,NONE,BENIGN,REAL_PUBLIC_DATA,EASY,base_062d1de3fc,pdf_base,,
spam,"Action required immediately. Do not miss this exclusive reward, claim it today. Last chance. .",OTHER,MALICIOUS,REAL_PUBLIC_DATA,EASY,base_b9e06dbbd3,pdf_base,,
ham,Class notes. Here are the notes for this week and the next steps. Please reply when convenient.,NONE,BENIGN,REAL_PUBLIC_DATA,EASY,base_6a594a0ba0,pdf_base,,
ham,Project update. We need to finalize the timeline before Friday. Let me know if anything changes.,NONE,BENIGN,REAL_PUBLIC_DATA,EASY,base_90b995a5e7,pdf_base,,
spam,Urgent account alert. Please confirm your details to receive your prize. Limited availability.,OTHER,MALICIOUS,REAL_PUBLIC_DATA,EASY,base_99ae762528,pdf_base,,
ham,Weekly schedule. Dinner is planned for Saturday evening at home. Let me know if anything changes.,NONE,BENIGN,REAL_PUBLIC_DATA,EASY,base_39e4b8be24,pdf_base,,
spam,Limited time offer. We detected unusual activity and need verification immediately. Last chance.,OTHER,MALICIOUS,REAL_PUBLIC_DATA,EASY,base_4691e159d5,pdf_base,,
ham,Order confirmation. I completed the task and shared the latest version for review. I appreciate your time.,NONE,BENIGN,REAL_PUBLIC_DATA,EASY,base_487c1df9fd,pdf_base,,
ham,Lunch plan. The order has been confirmed and details are attached below. Looking forward to your response.,NONE,BENIGN,REAL_PUBLIC_DATA,EASY,base_2535590091,pdf_base,,
spam,"Claim your prize now. This is a limited time deal and you should act fast. No reply is needed, act now. .",OTHER,MALICIOUS,REAL_PUBLIC_DATA,EASY,base_16c5c7e683,pdf_base,,
spam,"Congratulations you won. Do not miss this exclusive reward, claim it today. Limited availability. .",OTHER,MALICIOUS,REAL_PUBLIC_DATA,EASY,base_d1c62beff6,pdf_base,,
ham,Appointment follow-up. Please review the file and send your feedback when you are free. Looking forward to your response.,NONE,BENIGN,REAL_PUBLIC_DATA,EASY,base_0212f52c75,pdf_base,,
ham,Appointment follow-up. I completed the task and shared the latest version for review. I appreciate your time.,NONE,BENIGN,REAL_PUBLIC_DATA,EASY,base_c57f79b627,pdf_base,,
spam,Verify your account today. We detected unusual activity and need verification immediately. Offer ends very soon.,OTHER,MALICIOUS,REAL_PUBLIC_DATA,EASY,base_2fa60f6d8d,pdf_base,,
ham,Order confirmation. Here are the notes for this week and the next steps. Please reply when convenient.,NONE,BENIGN,REAL_PUBLIC_DATA,EASY,base_6499f73fc6,pdf_base,,
spam,"Urgent account alert. This offer expires soon, so take action now. Offer ends very soon. .",OTHER,MALICIOUS,REAL_PUBLIC_DATA,EASY,base_486083c612,pdf_base,,
ham,Homework question. Can you check this and reply when convenient? I appreciate your time.,NONE,BENIGN,REAL_PUBLIC_DATA,EASY,base_427de17674,pdf_base,,
spam,"Congratulations you won. Do not miss this exclusive reward, claim it today. Offer ends very soon. .",OTHER,MALICIOUS,REAL_PUBLIC_DATA,EASY,base_d1c62beff6,pdf_base,,
ham,Lunch plan. The meeting is scheduled for tomorrow afternoon in the office. I appreciate your time.,NONE,BENIGN,REAL_PUBLIC_DATA,EASY,base_8fc39b3368,pdf_base,,
spam,Limited time offer. You have been selected for a special bonus offer. Do not miss this opportunity.,OTHER,MALICIOUS,REAL_PUBLIC_DATA,EASY,base_30963791f7,pdf_base,,
ham,Appointment follow-up. I completed the task and shared the latest version for review. Let me know if anything changes.,NONE,BENIGN,REAL_PUBLIC_DATA,EASY,base_c57f79b627,pdf_base,,
ham,Weekly schedule. I completed the task and shared the latest version for review. Thanks for your help.,NONE,BENIGN,REAL_PUBLIC_DATA,EASY,base_7e6b85622e,pdf_base,,
ham,Appointment follow-up. Dinner is planned for Saturday evening at home. Looking forward to your response.,NONE,BENIGN,REAL_PUBLIC_DATA,EASY,base_38d6292b48,pdf_base,,
spam,Exclusive bonus inside. You have been selected for a special bonus offer. Limited availability.,OTHER,MALICIOUS,REAL_PUBLIC_DATA,EASY,base_22bd2a2901,pdf_base,,
spam,Verify your account today. You have been selected for a special bonus offer. Last chance.,OTHER,MALICIOUS,REAL_PUBLIC_DATA,EASY,base_0c947ec57d,pdf_base,,
spam,Free gift waiting. Your account may be suspended unless you respond now. Limited availability.,OTHER,MALICIOUS,REAL_PUBLIC_DATA,EASY,base_f052ea2659,pdf_base,,
spam,Verify your account today. Unlock premium access with this one time opportunity. Last chance.,OTHER,MALICIOUS,REAL_PUBLIC_DATA,EASY,base_9e5b784cdf,pdf_base,,
ham,Meeting reminder. Can you check this and reply when convenient? Let me know if anything changes.,NONE,BENIGN,REAL_PUBLIC_DATA,EASY,base_f6db5c5a44,pdf_base,,
spam,"Claim your prize now. Your payment failed, update your information right away. Offer ends very soon. .",OTHER,MALICIOUS,REAL_PUBLIC_DATA,EASY,base_c71e42470d,pdf_base,,
spam,"Verify your account today. Do not miss this exclusive reward, claim it today. Offer ends very soon. .",OTHER,MALICIOUS,REAL_PUBLIC_DATA,EASY,base_efad615d26,pdf_base,,
spam,Limited time offer. You have been selected for a special bonus offer. Limited availability.,OTHER,MALICIOUS,REAL_PUBLIC_DATA,EASY,base_30963791f7,pdf_base,,
ham,Weekly schedule. Let us meet after class to discuss the assignment. Thanks for your help.,NONE,BENIGN,REAL_PUBLIC_DATA,EASY,base_b7aa441f7f,pdf_base,,
spam,Verify your account today. Click the link to claim your reward before it expires. Last chance.,OTHER,MALICIOUS,REAL_PUBLIC_DATA,EASY,base_f4a72ec72e,pdf_base,,
ham,Weekly schedule. Please confirm your availability for the appointment. Thanks for your help.,NONE,BENIGN,REAL_PUBLIC_DATA,EASY,base_f02f878224,pdf_base,,
ham,Weekly schedule. Please confirm your availability for the appointment. Let me know if anything changes.,NONE,BENIGN,REAL_PUBLIC_DATA,EASY,base_f02f878224,pdf_base,,
spam,"Special deal for you. Your payment failed, update your information right away. No reply is needed, act now. .",OTHER,MALICIOUS,REAL_PUBLIC_DATA,EASY,base_2c0d051737,pdf_base,,
ham,Lunch plan. The order has been confirmed and details are attached below. Let me know if anything changes.,NONE,BENIGN,REAL_PUBLIC_DATA,EASY,base_2535590091,pdf_base,,
ham,Order confirmation. Can you check this and reply when convenient? Let me know if anything changes.,NONE,BENIGN,REAL_PUBLIC_DATA,EASY,base_1efcf7c47c,pdf_base,,
spam,Exclusive bonus inside. Please confirm your details to receive your prize. Limited availability.,OTHER,MALICIOUS,REAL_PUBLIC_DATA,EASY,base_ae3135cad6,pdf_base,,
ham,Class notes. The order has been confirmed and details are attached below. I appreciate your time.,NONE,BENIGN,REAL_PUBLIC_DATA,EASY,base_062d1de3fc,pdf_base,,
ham,Order confirmation. Please review the file and send your feedback when you are free. Thanks for your help.,NONE,BENIGN,REAL_PUBLIC_DATA,EASY,base_9a32f00866,pdf_base,,
spam,Final notice payment needed. Unlock premium access with this one time opportunity. Last chance.,OTHER,MALICIOUS,REAL_PUBLIC_DATA,EASY,base_8b7614b8c9,pdf_base,,
ham,Homework question. The order has been confirmed and details are attached below. Looking forward to your response.,NONE,BENIGN,REAL_PUBLIC_DATA,EASY,base_5ecdebe504,pdf_base,,
ham,Lunch plan. Dinner is planned for Saturday evening at home. Looking forward to your response.,NONE,BENIGN,REAL_PUBLIC_DATA,EASY,base_7f62fdc729,pdf_base,,
ham,Order confirmation. Let us meet after class to discuss the assignment. Thanks for your help.,NONE,BENIGN,REAL_PUBLIC_DATA,EASY,base_b90c718c02,pdf_base,,
spam,Final notice payment needed. Unlock premium access with this one time opportunity. Do not miss this opportunity.,OTHER,MALICIOUS,REAL_PUBLIC_DATA,EASY,base_8b7614b8c9,pdf_base,,
ham,Appointment follow-up. Please review the file and send your feedback when you are free. Thanks for your help.,NONE,BENIGN,REAL_PUBLIC_DATA,EASY,base_0212f52c75,pdf_base,,
ham,Order confirmation. Can you check this and reply when convenient? Please reply when convenient.,NONE,BENIGN,REAL_PUBLIC_DATA,EASY,base_1efcf7c47c,pdf_base,,
spam,Final notice payment needed. Please confirm your details to receive your prize. Limited availability.,OTHER,MALICIOUS,REAL_PUBLIC_DATA,EASY,base_34d710d3c0,pdf_base,,
ham,Project update. Please confirm your availability for the appointment. Looking forward to your response.,NONE,BENIGN,REAL_PUBLIC_DATA,EASY,base_40d45f81ac,pdf_base,,
ham,Lunch plan. We need to finalize the timeline before Friday. Thanks for your help.,NONE,BENIGN,REAL_PUBLIC_DATA,EASY,base_e7645c7503,pdf_base,,
ham,Lunch plan. Please review the file and send your feedback when you are free. Let me know if anything changes.,NONE,BENIGN,REAL_PUBLIC_DATA,EASY,base_b8682e04fe,pdf_base,,
spam,"Congratulations you won. This offer expires soon, so take action now. No reply is needed, act now. .",OTHER,MALICIOUS,REAL_PUBLIC_DATA,EASY,base_bee4201eab,pdf_base,,
ham,Team discussion. Can you check this and reply when convenient? Thanks for your help.,NONE,BENIGN,REAL_PUBLIC_DATA,EASY,base_9ecca20bd4,pdf_base,,
spam,"Urgent account alert. Your account may be suspended unless you respond now. No reply is needed, act now. .",OTHER,MALICIOUS,REAL_PUBLIC_DATA,EASY,base_6908092505,pdf_base,,
spam,"Urgent account alert. Do not miss this exclusive reward, claim it today. Do not miss this opportunity. .",OTHER,MALICIOUS,REAL_PUBLIC_DATA,EASY,base_0ded7c7d6b,pdf_base,,
spam,"Action required immediately. Your payment failed, update your information right away. Limited availability. .",OTHER,MALICIOUS,REAL_PUBLIC_DATA,EASY,base_a4a49a4dd0,pdf_base,,
ham,Class notes. We need to finalize the timeline before Friday. I appreciate your time.,NONE,BENIGN,REAL_PUBLIC_DATA,EASY,base_2ec5190a95,pdf_base,,
spam,"Free gift waiting. Unlock premium access with this one time opportunity. No reply is needed, act now. .",OTHER,MALICIOUS,REAL_PUBLIC_DATA,EASY,base_ddd7b1f618,pdf_base,,
ham,Weekly schedule. Please review the file and send your feedback when you are free. Thanks for your help.,NONE,BENIGN,REAL_PUBLIC_DATA,EASY,base_edcf204f92,pdf_base,,
spam,"Exclusive bonus inside. This offer expires soon, so take action now. Limited availability. .",OTHER,MALICIOUS,REAL_PUBLIC_DATA,EASY,base_1ca9d81a2c,pdf_base,,
spam,"Exclusive bonus inside. Please confirm your details to receive your prize. No reply is needed, act now. .",OTHER,MALICIOUS,REAL_PUBLIC_DATA,EASY,base_ae3135cad6,pdf_base,,
spam,"Claim your prize now. Your payment failed, update your information right away. Do not miss this opportunity. .",OTHER,MALICIOUS,REAL_PUBLIC_DATA,EASY,base_c71e42470d,pdf_base,,
ham,Meeting reminder. The order has been confirmed and details are attached below. Looking forward to your response.,NONE,BENIGN,REAL_PUBLIC_DATA,EASY,base_5c73080290,pdf_base,,
spam,Exclusive bonus inside. Click the link to claim your reward before it expires. Do not miss this opportunity.,OTHER,MALICIOUS,REAL_PUBLIC_DATA,EASY,base_9742eace43,pdf_base,,
spam,"Urgent account alert. Your payment failed, update your information right away. Offer ends very soon. .",OTHER,MALICIOUS,REAL_PUBLIC_DATA,EASY,base_b04388e51b,pdf_base,,
ham,Appointment follow-up. Can you check this and reply when convenient? Thanks for your help.,NONE,BENIGN,REAL_PUBLIC_DATA,EASY,base_973dbc30a7,pdf_base,,
ham,Family plan. Please review the file and send your feedback when you are free. Let me know if anything changes.,NONE,BENIGN,REAL_PUBLIC_DATA,EASY,base_f465030c99,pdf_base,,
spam,"Exclusive bonus inside. Do not miss this exclusive reward, claim it today. Do not miss this opportunity. .",OTHER,MALICIOUS,REAL_PUBLIC_DATA,EASY,base_2e4df99311,pdf_base,,
ham,Team discussion. Here are the notes for this week and the next steps. Let me know if anything changes.,NONE,BENIGN,REAL_PUBLIC_DATA,EASY,base_571ba090b0,pdf_base,,
spam,Exclusive bonus inside. Click the link to claim your reward before it expires. Limited availability.,OTHER,MALICIOUS,REAL_PUBLIC_DATA,EASY,base_9742eace43,pdf_base,,
spam,"Free gift waiting. This offer expires soon, so take action now. Last chance. .",OTHER,MALICIOUS,REAL_PUBLIC_DATA,EASY,base_978050d4dc,pdf_base,,
spam,Congratulations you won. Click the link to claim your reward before it expires. Last chance.,OTHER,MALICIOUS,REAL_PUBLIC_DATA,EASY,base_5d252a33c7,pdf_base,,
ham,Weekly schedule. Let us meet after class to discuss the assignment. Looking forward to your response.,NONE,BENIGN,REAL_PUBLIC_DATA,EASY,base_b7aa441f7f,pdf_base,,
ham,Order confirmation. We need to finalize the timeline before Friday. Let me know if anything changes.,NONE,BENIGN,REAL_PUBLIC_DATA,EASY,base_6be5602792,pdf_base,,
ham,Lunch plan. I completed the task and shared the latest version for review. I appreciate your time.,NONE,BENIGN,REAL_PUBLIC_DATA,EASY,base_72245da441,pdf_base,,
ham,Family plan. Please confirm your availability for the appointment. Thanks for your help.,NONE,BENIGN,REAL_PUBLIC_DATA,EASY,base_e1344fc951,pdf_base,,
ham,Family plan. Here are the notes for this week and the next steps. Looking forward to your response.,NONE,BENIGN,REAL_PUBLIC_DATA,EASY,base_7ec827f283,pdf_base,,
spam,"Action required immediately. Your payment failed, update your information right away. Offer ends very soon. .",OTHER,MALICIOUS,REAL_PUBLIC_DATA,EASY,base_a4a49a4dd0,pdf_base,,
spam,Urgent account alert. This is a limited time deal and you should act fast. Do not miss this opportunity.,OTHER,MALICIOUS,REAL_PUBLIC_DATA,EASY,base_09a6409561,pdf_base,,
ham,Team discussion. We need to finalize the timeline before Friday. Thanks for your help.,NONE,BENIGN,REAL_PUBLIC_DATA,EASY,base_b43395927d,pdf_base,,
ham,Appointment follow-up. Can you check this and reply when convenient? Looking forward to your response.,NONE,BENIGN,REAL_PUBLIC_DATA,EASY,base_973dbc30a7,pdf_base,,
ham,Class notes. Please review the file and send your feedback when you are free. Let me know if anything changes.,NONE,BENIGN,REAL_PUBLIC_DATA,EASY,base_03fb4b217a,pdf_base,,
spam,Congratulations you won. Please confirm your details to receive your prize. Offer ends very soon.,OTHER,MALICIOUS,REAL_PUBLIC_DATA,EASY,base_51451c14a8,pdf_base,,
ham,Family plan. Dinner is planned for Saturday evening at home. I appreciate your time.,NONE,BENIGN,REAL_PUBLIC_DATA,EASY,base_6b8cce8a1d,pdf_base,,
ham,Appointment follow-up. Please review the file and send your feedback when you are free. Please reply when convenient.,NONE,BENIGN,REAL_PUBLIC_DATA,EASY,base_0212f52c75,pdf_base,,
ham,Homework question. Dinner is planned for Saturday evening at home. Please reply when convenient.,NONE,BENIGN,REAL_PUBLIC_DATA,EASY,base_e9aea61827,pdf_base,,
ham,Project update. I completed the task and shared the latest version for review. Thanks for your help.,NONE,BENIGN,REAL_PUBLIC_DATA,EASY,base_ecbf2e7b95,pdf_base,,
ham,Class notes. Can you check this and reply when convenient? Looking forward to your response.,NONE,BENIGN,REAL_PUBLIC_DATA,EASY,base_70b5310bbd,pdf_base,,
spam,"Limited time offer. This offer expires soon, so take action now. No reply is needed, act now. .",OTHER,MALICIOUS,REAL_PUBLIC_DATA,EASY,base_8e43a9ceba,pdf_base,,
spam,"Congratulations you won. Your payment failed, update your information right away. Last chance. .",OTHER,MALICIOUS,REAL_PUBLIC_DATA,EASY,base_89e26da4e5,pdf_base,,
ham,Team discussion. Please confirm your availability for the appointment. Looking forward to your response.,NONE,BENIGN,REAL_PUBLIC_DATA,EASY,base_ad09d1a93d,pdf_base,,
ham,Class notes. I completed the task and shared the latest version for review. Let me know if anything changes.,NONE,BENIGN,REAL_PUBLIC_DATA,EASY,base_4b0644d4e8,pdf_base,,
ham,Class notes. The order has been confirmed and details are attached below. Thanks for your help.,NONE,BENIGN,REAL_PUBLIC_DATA,EASY,base_062d1de3fc,pdf_base,,
ham,Team discussion. I completed the task and shared the latest version for review. Let me know if anything changes.,NONE,BENIGN,REAL_PUBLIC_DATA,EASY,base_e12ba16882,pdf_base,,
ham,Class notes. Let us meet after class to discuss the assignment. Thanks for your help.,NONE,BENIGN,REAL_PUBLIC_DATA,EASY,base_e18caabf79,pdf_base,,
spam,Action required immediately. We detected unusual activity and need verification immediately. Offer ends very soon.,OTHER,MALICIOUS,REAL_PUBLIC_DATA,EASY,base_2506042839,pdf_base,,
ham,Team discussion. The order has been confirmed and details are attached below. I appreciate your time.,NONE,BENIGN,REAL_PUBLIC_DATA,EASY,base_e0f134ccd2,pdf_base,,
ham,Team discussion. Let us meet after class to discuss the assignment. Looking forward to your response.,NONE,BENIGN,REAL_PUBLIC_DATA,EASY,base_f9befeacd6,pdf_base,,
ham,Weekly schedule. I completed the task and shared the latest version for review. Let me know if anything changes.,NONE,BENIGN,REAL_PUBLIC_DATA,EASY,base_7e6b85622e,pdf_base,,
ham,Meeting reminder. We need to finalize the timeline before Friday. Thanks for your help.,NONE,BENIGN,REAL_PUBLIC_DATA,EASY,base_09980ca7a2,pdf_base,,
ham,Meeting reminder. Here are the notes for this week and the next steps. Looking forward to your response.,NONE,BENIGN,REAL_PUBLIC_DATA,EASY,base_7f36cb22e3,pdf_base,,
spam,Free gift waiting. Click the link to claim your reward before it expires. Limited availability.,OTHER,MALICIOUS,REAL_PUBLIC_DATA,EASY,base_679d6f34c7,pdf_base,,
spam,"Exclusive bonus inside. This offer expires soon, so take action now. Do not miss this opportunity. .",OTHER,MALICIOUS,REAL_PUBLIC_DATA,EASY,base_1ca9d81a2c,pdf_base,,
ham,Lunch plan. Please review the file and send your feedback when you are free. Please reply when convenient.,NONE,BENIGN,REAL_PUBLIC_DATA,EASY,base_b8682e04fe,pdf_base,,
spam,Urgent account alert. We detected unusual activity and need verification immediately. Do not miss this opportunity.,OTHER,MALICIOUS,REAL_PUBLIC_DATA,EASY,base_338c5c4fd5,pdf_base,,
ham,Class notes. Let us meet after class to discuss the assignment. Let me know if anything changes.,NONE,BENIGN,REAL_PUBLIC_DATA,EASY,base_e18caabf79,pdf_base,,
ham,Team discussion. The meeting is scheduled for tomorrow afternoon in the office. I appreciate your time.,NONE,BENIGN,REAL_PUBLIC_DATA,EASY,base_51ed76763e,pdf_base,,
spam,Final notice payment needed. You have been selected for a special bonus offer. Limited availability.,OTHER,MALICIOUS,REAL_PUBLIC_DATA,EASY,base_e535d3b91f,pdf_base,,
spam,"Action required immediately. This offer expires soon, so take action now. Limited availability. .",OTHER,MALICIOUS,REAL_PUBLIC_DATA,EASY,base_2010ab785e,pdf_base,,
spam,"Verify your account today. This offer expires soon, so take action now. Do not miss this opportunity. .",OTHER,MALICIOUS,REAL_PUBLIC_DATA,EASY,base_980cacb8b4,pdf_base,,
spam,Urgent account alert. Unlock premium access with this one time opportunity. Limited availability.,OTHER,MALICIOUS,REAL_PUBLIC_DATA,EASY,base_59ee32e793,pdf_base,,
spam,"Special deal for you. Do not miss this exclusive reward, claim it today. Do not miss this opportunity. .",OTHER,MALICIOUS,REAL_PUBLIC_DATA,EASY,base_054a1b3f3f,pdf_base,,
ham,Homework question. I completed the task and shared the latest version for review. I appreciate your time.,NONE,BENIGN,REAL_PUBLIC_DATA,EASY,base_ced46c96f0,pdf_base,,
ham,Project update. Here are the notes for this week and the next steps. Let me know if anything changes.,NONE,BENIGN,REAL_PUBLIC_DATA,EASY,base_d1ac38b1ce,pdf_base,,
ham,Team discussion. Here are the notes for this week and the next steps. Thanks for your help.,NONE,BENIGN,REAL_PUBLIC_DATA,EASY,base_571ba090b0,pdf_base,,
ham,Homework question. The meeting is scheduled for tomorrow afternoon in the office. Looking forward to your response.,NONE,BENIGN,REAL_PUBLIC_DATA,EASY,base_8da6ee010e,pdf_base,,
ham,Project update. I completed the task and shared the latest version for review. I appreciate your time.,NONE,BENIGN,REAL_PUBLIC_DATA,EASY,base_ecbf2e7b95,pdf_base,,
spam,Claim your prize now. Unlock premium access with this one time opportunity. Limited availability.,OTHER,MALICIOUS,REAL_PUBLIC_DATA,EASY,base_fea64f7fd5,pdf_base,,
spam,"Claim your prize now. Please confirm your details to receive your prize. No reply is needed, act now. .",OTHER,MALICIOUS,REAL_PUBLIC_DATA,EASY,base_7c5bff0c9e,pdf_base,,
ham,Homework question. Let us meet after class to discuss the assignment. I appreciate your time.,NONE,BENIGN,REAL_PUBLIC_DATA,EASY,base_70d09df228,pdf_base,,
spam,"Limited time offer. Your account may be suspended unless you respond now. No reply is needed, act now. .",OTHER,MALICIOUS,REAL_PUBLIC_DATA,EASY,base_874d9279e6,pdf_base,,
spam,"Exclusive bonus inside. Do not miss this exclusive reward, claim it today. Last chance. .",OTHER,MALICIOUS,REAL_PUBLIC_DATA,EASY,base_2e4df99311,pdf_base,,
spam,Free gift waiting. This is a limited time deal and you should act fast. Do not miss this opportunity.,OTHER,MALICIOUS,REAL_PUBLIC_DATA,EASY,base_72c2e6d6c5,pdf_base,,
ham,Appointment follow-up. We need to finalize the timeline before Friday. Looking forward to your response.,NONE,BENIGN,REAL_PUBLIC_DATA,EASY,base_8f7e912d07,pdf_base,,
spam,Action required immediately. We detected unusual activity and need verification immediately. Do not miss this opportunity.,OTHER,MALICIOUS,REAL_PUBLIC_DATA,EASY,base_2506042839,pdf_base,,
spam,"Final notice payment needed. Click the link to claim your reward before it expires. No reply is needed, act now. .",OTHER,MALICIOUS,REAL_PUBLIC_DATA,EASY,base_c7032d326c,pdf_base,,
ham,Homework question. Please review the file and send your feedback when you are free. Looking forward to your response.,NONE,BENIGN,REAL_PUBLIC_DATA,EASY,base_ce6bc381b3,pdf_base,,
spam,Claim your prize now. Please confirm your details to receive your prize. Last chance.,OTHER,MALICIOUS,REAL_PUBLIC_DATA,EASY,base_7c5bff0c9e,pdf_base,,
spam,Claim your prize now. Your account may be suspended unless you respond now. Last chance.,OTHER,MALICIOUS,REAL_PUBLIC_DATA,EASY,base_92d228faa7,pdf_base,,
ham,Family plan. We need to finalize the timeline before Friday. Looking forward to your response.,NONE,BENIGN,REAL_PUBLIC_DATA,EASY,base_0a5f27c8e5,pdf_base,,
ham,Order confirmation. Here are the notes for this week and the next steps. Thanks for your help.,NONE,BENIGN,REAL_PUBLIC_DATA,EASY,base_6499f73fc6,pdf_base,,
ham,Lunch plan. Here are the notes for this week and the next steps. I appreciate your time.,NONE,BENIGN,REAL_PUBLIC_DATA,EASY,base_e96015d131,pdf_base,,
ham,Lunch plan. Please confirm your availability for the appointment. Looking forward to your response.,NONE,BENIGN,REAL_PUBLIC_DATA,EASY,base_6f0424c4b8,pdf_base,,
spam,Claim your prize now. You have been selected for a special bonus offer. Do not miss this opportunity.,OTHER,MALICIOUS,REAL_PUBLIC_DATA,EASY,base_d7df491d96,pdf_base,,
ham,Project update. I completed the task and shared the latest version for review. Please reply when convenient.,NONE,BENIGN,REAL_PUBLIC_DATA,EASY,base_ecbf2e7b95,pdf_base,,
ham,Meeting reminder. Please confirm your availability for the appointment. Please reply when convenient.,NONE,BENIGN,REAL_PUBLIC_DATA,EASY,base_a78344f60d,pdf_base,,
spam,Limited time offer. This is a limited time deal and you should act fast. Offer ends very soon.,OTHER,MALICIOUS,REAL_PUBLIC_DATA,EASY,base_033c6a9225,pdf_base,,
spam,"Free gift waiting. Do not miss this exclusive reward, claim it today. Last chance. .",OTHER,MALICIOUS,REAL_PUBLIC_DATA,EASY,base_81f49dadec,pdf_base,,
ham,Weekly schedule. Here are the notes for this week and the next steps. I appreciate your time.,NONE,BENIGN,REAL_PUBLIC_DATA,EASY,base_baf3f2b4e8,pdf_base,,
ham,Project update. We need to finalize the timeline before Friday. Please reply when convenient.,NONE,BENIGN,REAL_PUBLIC_DATA,EASY,base_90b995a5e7,pdf_base,,
spam,Verify your account today. This is a limited time deal and you should act fast. Offer ends very soon.,OTHER,MALICIOUS,REAL_PUBLIC_DATA,EASY,base_0e9093c23c,pdf_base,,
spam,"Verify your account today. Do not miss this exclusive reward, claim it today. Limited availability. .",OTHER,MALICIOUS,REAL_PUBLIC_DATA,EASY,base_efad615d26,pdf_base,,
ham,Lunch plan. I completed the task and shared the latest version for review. Please reply when convenient.,NONE,BENIGN,REAL_PUBLIC_DATA,EASY,base_72245da441,pdf_base,,
ham,Meeting reminder. The meeting is scheduled for tomorrow afternoon in the office. Looking forward to your response.,NONE,BENIGN,REAL_PUBLIC_DATA,EASY,base_bb188fc5a6,pdf_base,,
ham,Weekly schedule. Please confirm your availability for the appointment. I appreciate your time.,NONE,BENIGN,REAL_PUBLIC_DATA,EASY,base_f02f878224,pdf_base,,
ham,Weekly schedule. Dinner is planned for Saturday evening at home. Please reply when convenient.,NONE,BENIGN,REAL_PUBLIC_DATA,EASY,base_39e4b8be24,pdf_base,,
ham,Order confirmation. The order has been confirmed and details are attached below. Let me know if anything changes.,NONE,BENIGN,REAL_PUBLIC_DATA,EASY,base_8942bb125a,pdf_base,,
ham,Team discussion. Let us meet after class to discuss the assignment. Please reply when convenient.,NONE,BENIGN,REAL_PUBLIC_DATA,EASY,base_f9befeacd6,pdf_base,,
ham,Homework question. We need to finalize the timeline before Friday. Let me know if anything changes.,NONE,BENIGN,REAL_PUBLIC_DATA,EASY,base_7ef0660807,pdf_base,,
spam,Congratulations you won. You have been selected for a special bonus offer. Do not miss this opportunity.,OTHER,MALICIOUS,REAL_PUBLIC_DATA,EASY,base_913643b01f,pdf_base,,
spam,Action required immediately. Your account may be suspended unless you respond now. Last chance.,OTHER,MALICIOUS,REAL_PUBLIC_DATA,EASY,base_a9e64b8341,pdf_base,,
ham,Meeting reminder. Please review the file and send your feedback when you are free. Thanks for your help.,NONE,BENIGN,REAL_PUBLIC_DATA,EASY,base_d42e460a43,pdf_base,,
spam,"Exclusive bonus inside. Your payment failed, update your information right away. Do not miss this opportunity. .",OTHER,MALICIOUS,REAL_PUBLIC_DATA,EASY,base_e2e23b93db,pdf_base,,
spam,"Special deal for you. This offer expires soon, so take action now. Last chance. .",OTHER,MALICIOUS,REAL_PUBLIC_DATA,EASY,base_f2c9f0a9dc,pdf_base,,
ham,Team discussion. Let us meet after class to discuss the assignment. Let me know if anything changes.,NONE,BENIGN,REAL_PUBLIC_DATA,EASY,base_f9befeacd6,pdf_base,,
spam,Claim your prize now. This is a limited time deal and you should act fast. Offer ends very soon.,OTHER,MALICIOUS,REAL_PUBLIC_DATA,EASY,base_16c5c7e683,pdf_base,,
ham,Weekly schedule. Here are the notes for this week and the next steps. Looking forward to your response.,NONE,BENIGN,REAL_PUBLIC_DATA,EASY,base_baf3f2b4e8,pdf_base,,
spam,"Final notice payment needed. Do not miss this exclusive reward, claim it today. Do not miss this opportunity. .",OTHER,MALICIOUS,REAL_PUBLIC_DATA,EASY,base_92e7552609,pdf_base,,
spam,Urgent account alert. Unlock premium access with this one time opportunity. Do not miss this opportunity.,OTHER,MALICIOUS,REAL_PUBLIC_DATA,EASY,base_59ee32e793,pdf_base,,
spam,Claim your prize now. Your account may be suspended unless you respond now. Offer ends very soon.,OTHER,MALICIOUS,REAL_PUBLIC_DATA,EASY,base_92d228faa7,pdf_base,,
spam,"Verify your account today. Do not miss this exclusive reward, claim it today. Do not miss this opportunity. .",OTHER,MALICIOUS,REAL_PUBLIC_DATA,EASY,base_efad615d26,pdf_base,,
ham,Appointment follow-up. Let us meet after class to discuss the assignment. Thanks for your help.,NONE,BENIGN,REAL_PUBLIC_DATA,EASY,base_d2e778afa3,pdf_base,,
spam,"Limited time offer. This offer expires soon, so take action now. Offer ends very soon. .",OTHER,MALICIOUS,REAL_PUBLIC_DATA,EASY,base_8e43a9ceba,pdf_base,,
spam,Urgent account alert. You have been selected for a special bonus offer. Offer ends very soon.,OTHER,MALICIOUS,REAL_PUBLIC_DATA,EASY,base_a75a779c5c,pdf_base,,
ham,Team discussion. We need to finalize the timeline before Friday. I appreciate your time.,NONE,BENIGN,REAL_PUBLIC_DATA,EASY,base_b43395927d,pdf_base,,
spam,"Claim your prize now. Do not miss this exclusive reward, claim it today. No reply is needed, act now. .",OTHER,MALICIOUS,REAL_PUBLIC_DATA,EASY,base_fd2b85371d,pdf_base,,
spam,Final notice payment needed. Click the link to claim your reward before it expires. Last chance.,OTHER,MALICIOUS,REAL_PUBLIC_DATA,EASY,base_c7032d326c,pdf_base,,
ham,Project update. The order has been confirmed and details are attached below. Let me know if anything changes.,NONE,BENIGN,REAL_PUBLIC_DATA,EASY,base_2b0c4ccb63,pdf_base,,
ham,Team discussion. Dinner is planned for Saturday evening at home. Thanks for your help.,NONE,BENIGN,REAL_PUBLIC_DATA,EASY,base_a9c495cd51,pdf_base,,
spam,Exclusive bonus inside. You have been selected for a special bonus offer. Do not miss this opportunity.,OTHER,MALICIOUS,REAL_PUBLIC_DATA,EASY,base_22bd2a2901,pdf_base,,
ham,Order confirmation. Dinner is planned for Saturday evening at home. Please reply when convenient.,NONE,BENIGN,REAL_PUBLIC_DATA,EASY,base_5506bd6a8f,pdf_base,,
spam,Exclusive bonus inside. Please confirm your details to receive your prize. Offer ends very soon.,OTHER,MALICIOUS,REAL_PUBLIC_DATA,EASY,base_ae3135cad6,pdf_base,,
spam,"Free gift waiting. This offer expires soon, so take action now. Limited availability. .",OTHER,MALICIOUS,REAL_PUBLIC_DATA,EASY,base_978050d4dc,pdf_base,,
spam,Claim your prize now. Please confirm your details to receive your prize. Do not miss this opportunity.,OTHER,MALICIOUS,REAL_PUBLIC_DATA,EASY,base_7c5bff0c9e,pdf_base,,
spam,Verify your account today. This is a limited time deal and you should act fast. Limited availability.,OTHER,MALICIOUS,REAL_PUBLIC_DATA,EASY,base_0e9093c23c,pdf_base,,
spam,Special deal for you. This is a limited time deal and you should act fast. Limited availability.,OTHER,MALICIOUS,REAL_PUBLIC_DATA,EASY,base_d3092a0ba4,pdf_base,,
spam,"Congratulations you won. This offer expires soon, so take action now. Do not miss this opportunity. .",OTHER,MALICIOUS,REAL_PUBLIC_DATA,EASY,base_bee4201eab,pdf_base,,
spam,Congratulations you won. Click the link to claim your reward before it expires. Limited availability.,OTHER,MALICIOUS,REAL_PUBLIC_DATA,EASY,base_5d252a33c7,pdf_base,,
ham,Lunch plan. Dinner is planned for Saturday evening at home. Thanks for your help.,NONE,BENIGN,REAL_PUBLIC_DATA,EASY,base_7f62fdc729,pdf_base,,
ham,Homework question. The meeting is scheduled for tomorrow afternoon in the office. Please reply when convenient.,NONE,BENIGN,REAL_PUBLIC_DATA,EASY,base_8da6ee010e,pdf_base,,
spam,"Final notice payment needed. This offer expires soon, so take action now. Do not miss this opportunity. .",OTHER,MALICIOUS,REAL_PUBLIC_DATA,EASY,base_09c5ed62a4,pdf_base,,
spam,Free gift waiting. Your account may be suspended unless you respond now. Do not miss this opportunity.,OTHER,MALICIOUS,REAL_PUBLIC_DATA,EASY,base_f052ea2659,pdf_base,,
ham,Order confirmation. Please review the file and send your feedback when you are free. I appreciate your time.,NONE,BENIGN,REAL_PUBLIC_DATA,EASY,base_9a32f00866,pdf_base,,
ham,Meeting reminder. I completed the task and shared the latest version for review. I appreciate your time.,NONE,BENIGN,REAL_PUBLIC_DATA,EASY,base_5e14875f57,pdf_base,,
spam,"Congratulations you won. Your account may be suspended unless you respond now. No reply is needed, act now. .",OTHER,MALICIOUS,REAL_PUBLIC_DATA,EASY,base_927acfcec3,pdf_base,,
ham,Homework question. Can you check this and reply when convenient? Looking forward to your response.,NONE,BENIGN,REAL_PUBLIC_DATA,EASY,base_427de17674,pdf_base,,
spam,Congratulations you won. This is a limited time deal and you should act fast. Last chance.,OTHER,MALICIOUS,REAL_PUBLIC_DATA,EASY,base_369179dbb6,pdf_base,,
spam,Action required immediately. You have been selected for a special bonus offer. Limited availability.,OTHER,MALICIOUS,REAL_PUBLIC_DATA,EASY,base_9470c82b66,pdf_base,,
spam,Action required immediately. This is a limited time deal and you should act fast. Limited availability.,OTHER,MALICIOUS,REAL_PUBLIC_DATA,EASY,base_e533d92e2e,pdf_base,,
ham,Family plan. Can you check this and reply when convenient? Thanks for your help.,NONE,BENIGN,REAL_PUBLIC_DATA,EASY,base_c203d4c5d1,pdf_base,,
spam,Limited time offer. You have been selected for a special bonus offer. Last chance.,OTHER,MALICIOUS,REAL_PUBLIC_DATA,EASY,base_30963791f7,pdf_base,,
spam,"Free gift waiting. Your payment failed, update your information right away. Limited availability. .",OTHER,MALICIOUS,REAL_PUBLIC_DATA,EASY,base_f658a17c3b,pdf_base,,
spam,"Action required immediately. Do not miss this exclusive reward, claim it today. No reply is needed, act now. .",OTHER,MALICIOUS,REAL_PUBLIC_DATA,EASY,base_b9e06dbbd3,pdf_base,,
spam,Urgent account alert. Click the link to claim your reward before it expires. Do not miss this opportunity.,OTHER,MALICIOUS,REAL_PUBLIC_DATA,EASY,base_b01e766a3e,pdf_base,,
ham,Project update. Here are the notes for this week and the next steps. Thanks for your help.,NONE,BENIGN,REAL_PUBLIC_DATA,EASY,base_d1ac38b1ce,pdf_base,,
ham,Lunch plan. I completed the task and shared the latest version for review. Looking forward to your response.,NONE,BENIGN,REAL_PUBLIC_DATA,EASY,base_72245da441,pdf_base,,
spam,"Urgent account alert. This offer expires soon, so take action now. No reply is needed, act now. .",OTHER,MALICIOUS,REAL_PUBLIC_DATA,EASY,base_486083c612,pdf_base,,
ham,Homework question. Dinner is planned for Saturday evening at home. I appreciate your time.,NONE,BENIGN,REAL_PUBLIC_DATA,EASY,base_e9aea61827,pdf_base,,
ham,Project update. Let us meet after class to discuss the assignment. Looking forward to your response.,NONE,BENIGN,REAL_PUBLIC_DATA,EASY,base_966dbadf43,pdf_base,,
ham,Order confirmation. Please confirm your availability for the appointment. Looking forward to your response.,NONE,BENIGN,REAL_PUBLIC_DATA,EASY,base_3d1852c39c,pdf_base,,
ham,Team discussion. Please confirm your availability for the appointment. I appreciate your time.,NONE,BENIGN,REAL_PUBLIC_DATA,EASY,base_ad09d1a93d,pdf_base,,
spam,"Exclusive bonus inside. Unlock premium access with this one time opportunity. No reply is needed, act now. .",OTHER,MALICIOUS,REAL_PUBLIC_DATA,EASY,base_e37c200737,pdf_base,,
ham,Homework question. Dinner is planned for Saturday evening at home. Let me know if anything changes.,NONE,BENIGN,REAL_PUBLIC_DATA,EASY,base_e9aea61827,pdf_base,,
spam,Free gift waiting. Your account may be suspended unless you respond now. Last chance.,OTHER,MALICIOUS,REAL_PUBLIC_DATA,EASY,base_f052ea2659,pdf_base,,
ham,Homework question. Please review the file and send your feedback when you are free. Let me know if anything changes.,NONE,BENIGN,REAL_PUBLIC_DATA,EASY,base_ce6bc381b3,pdf_base,,
ham,Weekly schedule. The meeting is scheduled for tomorrow afternoon in the office. Looking forward to your response.,NONE,BENIGN,REAL_PUBLIC_DATA,EASY,base_9b6206e2f1,pdf_base,,
ham,Team discussion. I completed the task and shared the latest version for review. Looking forward to your response.,NONE,BENIGN,REAL_PUBLIC_DATA,EASY,base_e12ba16882,pdf_base,,
ham,Appointment follow-up. Let us meet after class to discuss the assignment. Please reply when convenient.,NONE,BENIGN,REAL_PUBLIC_DATA,EASY,base_d2e778afa3,pdf_base,,
ham,Family plan. The order has been confirmed and details are attached below. I appreciate your time.,NONE,BENIGN,REAL_PUBLIC_DATA,EASY,base_4d05a18243,pdf_base,,
spam,Congratulations you won. You have been selected for a special bonus offer. Limited availability.,OTHER,MALICIOUS,REAL_PUBLIC_DATA,EASY,base_913643b01f,pdf_base,,
spam,Exclusive bonus inside. You have been selected for a special bonus offer. Last chance.,OTHER,MALICIOUS,REAL_PUBLIC_DATA,EASY,base_22bd2a2901,pdf_base,,
spam,Verify your account today. This is a limited time deal and you should act fast. Last chance.,OTHER,MALICIOUS,REAL_PUBLIC_DATA,EASY,base_0e9093c23c,pdf_base,,
ham,Lunch plan. We need to finalize the timeline before Friday. I appreciate your time.,NONE,BENIGN,REAL_PUBLIC_DATA,EASY,base_e7645c7503,pdf_base,,
ham,Family plan. Let us meet after class to discuss the assignment. Please reply when convenient.,NONE,BENIGN,REAL_PUBLIC_DATA,EASY,base_2996405591,pdf_base,,
spam,Claim your prize now. Unlock premium access with this one time opportunity. Offer ends very soon.,OTHER,MALICIOUS,REAL_PUBLIC_DATA,EASY,base_fea64f7fd5,pdf_base,,
spam,"Claim your prize now. Your payment failed, update your information right away. Last chance. .",OTHER,MALICIOUS,REAL_PUBLIC_DATA,EASY,base_c71e42470d,pdf_base,,
spam,Special deal for you. Unlock premium access with this one time opportunity. Do not miss this opportunity.,OTHER,MALICIOUS,REAL_PUBLIC_DATA,EASY,base_92ba2c1362,pdf_base,,
ham,Weekly schedule. Dinner is planned for Saturday evening at home. Looking forward to your response.,NONE,BENIGN,REAL_PUBLIC_DATA,EASY,base_39e4b8be24,pdf_base,,
spam,"Free gift waiting. Please confirm your details to receive your prize. No reply is needed, act now. .",OTHER,MALICIOUS,REAL_PUBLIC_DATA,EASY,base_2723e0bd75,pdf_base,,
ham,Weekly schedule. Here are the notes for this week and the next steps. Thanks for your help.,NONE,BENIGN,REAL_PUBLIC_DATA,EASY,base_baf3f2b4e8,pdf_base,,
spam,Final notice payment needed. Please confirm your details to receive your prize. Last chance.,OTHER,MALICIOUS,REAL_PUBLIC_DATA,EASY,base_34d710d3c0,pdf_base,,
ham,Homework question. I completed the task and shared the latest version for review. Thanks for your help.,NONE,BENIGN,REAL_PUBLIC_DATA,EASY,base_ced46c96f0,pdf_base,,
spam,Free gift waiting. Click the link to claim your reward before it expires. Offer ends very soon.,OTHER,MALICIOUS,REAL_PUBLIC_DATA,EASY,base_679d6f34c7,pdf_base,,
spam,"Congratulations you won. Do not miss this exclusive reward, claim it today. Last chance. .",OTHER,MALICIOUS,REAL_PUBLIC_DATA,EASY,base_d1c62beff6,pdf_base,,
spam,Claim your prize now. Please confirm your details to receive your prize. Limited availability.,OTHER,MALICIOUS,REAL_PUBLIC_DATA,EASY,base_7c5bff0c9e,pdf_base,,
ham,Meeting reminder. The meeting is scheduled for tomorrow afternoon in the office. Please reply when convenient.,NONE,BENIGN,REAL_PUBLIC_DATA,EASY,base_bb188fc5a6,pdf_base,,
ham,Team discussion. We need to finalize the timeline before Friday. Looking forward to your response.,NONE,BENIGN,REAL_PUBLIC_DATA,EASY,base_b43395927d,pdf_base,,
ham,Homework question. I completed the task and shared the latest version for review. Looking forward to your response.,NONE,BENIGN,REAL_PUBLIC_DATA,EASY,base_ced46c96f0,pdf_base,,
ham,Order confirmation. Let us meet after class to discuss the assignment. I appreciate your time.,NONE,BENIGN,REAL_PUBLIC_DATA,EASY,base_b90c718c02,pdf_base,,
spam,Final notice payment needed. Your account may be suspended unless you respond now. Last chance.,OTHER,MALICIOUS,REAL_PUBLIC_DATA,EASY,base_644d49db52,pdf_base,,
ham,Project update. Here are the notes for this week and the next steps. Looking forward to your response.,NONE,BENIGN,REAL_PUBLIC_DATA,EASY,base_d1ac38b1ce,pdf_base,,
ham,Class notes. The meeting is scheduled for tomorrow afternoon in the office. Please reply when convenient.,NONE,BENIGN,REAL_PUBLIC_DATA,EASY,base_601c01a592,pdf_base,,
spam,Final notice payment needed. Unlock premium access with this one time opportunity. Offer ends very soon.,OTHER,MALICIOUS,REAL_PUBLIC_DATA,EASY,base_8b7614b8c9,pdf_base,,
ham,Project update. Dinner is planned for Saturday evening at home. Thanks for your help.,NONE,BENIGN,REAL_PUBLIC_DATA,EASY,base_0e3d15303a,pdf_base,,
spam,Congratulations you won. Your account may be suspended unless you respond now. Offer ends very soon.,OTHER,MALICIOUS,REAL_PUBLIC_DATA,EASY,base_927acfcec3,pdf_base,,
ham,Homework question. The meeting is scheduled for tomorrow afternoon in the office. I appreciate your time.,NONE,BENIGN,REAL_PUBLIC_DATA,EASY,base_8da6ee010e,pdf_base,,
spam,Free gift waiting. Please confirm your details to receive your prize. Last chance.,OTHER,MALICIOUS,REAL_PUBLIC_DATA,EASY,base_2723e0bd75,pdf_base,,
ham,Lunch plan. Dinner is planned for Saturday evening at home. Let me know if anything changes.,NONE,BENIGN,REAL_PUBLIC_DATA,EASY,base_7f62fdc729,pdf_base,,
spam,"Claim your prize now. Your payment failed, update your information right away. Limited availability. .",OTHER,MALICIOUS,REAL_PUBLIC_DATA,EASY,base_c71e42470d,pdf_base,,
spam,Limited time offer. Click the link to claim your reward before it expires. Limited availability.,OTHER,MALICIOUS,REAL_PUBLIC_DATA,EASY,base_7bd92d3763,pdf_base,,
spam,Special deal for you. Click the link to claim your reward before it expires. Limited availability.,OTHER,MALICIOUS,REAL_PUBLIC_DATA,EASY,base_bd52a63679,pdf_base,,
spam,"Urgent account alert. Your payment failed, update your information right away. No reply is needed, act now. .",OTHER,MALICIOUS,REAL_PUBLIC_DATA,EASY,base_b04388e51b,pdf_base,,
ham,Meeting reminder. The order has been confirmed and details are attached below. Thanks for your help.,NONE,BENIGN,REAL_PUBLIC_DATA,EASY,base_5c73080290,pdf_base,,
spam,Urgent account alert. We detected unusual activity and need verification immediately. Last chance.,OTHER,MALICIOUS,REAL_PUBLIC_DATA,EASY,base_338c5c4fd5,pdf_base,,
spam,Verify your account today. Unlock premium access with this one time opportunity. Limited availability.,OTHER,MALICIOUS,REAL_PUBLIC_DATA,EASY,base_9e5b784cdf,pdf_base,,
spam,"Claim your prize now. Do not miss this exclusive reward, claim it today. Do not miss this opportunity. .",OTHER,MALICIOUS,REAL_PUBLIC_DATA,EASY,base_fd2b85371d,pdf_base,,
ham,Lunch plan. The meeting is scheduled for tomorrow afternoon in the office. Let me know if anything changes.,NONE,BENIGN,REAL_PUBLIC_DATA,EASY,base_8fc39b3368,pdf_base,,
ham,Appointment follow-up. The order has been confirmed and details are attached below. Let me know if anything changes.,NONE,BENIGN,REAL_PUBLIC_DATA,EASY,base_71ba8dc99a,pdf_base,,
ham,Family plan. We need to finalize the timeline before Friday. Let me know if anything changes.,NONE,BENIGN,REAL_PUBLIC_DATA,EASY,base_0a5f27c8e5,pdf_base,,
spam,"Free gift waiting. Click the link to claim your reward before it expires. No reply is needed, act now. .",OTHER,MALICIOUS,REAL_PUBLIC_DATA,EASY,base_679d6f34c7,pdf_base,,
spam,Action required immediately. Please confirm your details to receive your prize. Last chance.,OTHER,MALICIOUS,REAL_PUBLIC_DATA,EASY,base_90a8f54a24,pdf_base,,
spam,Limited time offer. Unlock premium access with this one time opportunity. Limited availability.,OTHER,MALICIOUS,REAL_PUBLIC_DATA,EASY,base_9af1f8807c,pdf_base,,
ham,Order confirmation. Dinner is planned for Saturday evening at home. I appreciate your time.,NONE,BENIGN,REAL_PUBLIC_DATA,EASY,base_5506bd6a8f,pdf_base,,
spam,Urgent account alert. Unlock premium access with this one time opportunity. Last chance.,OTHER,MALICIOUS,REAL_PUBLIC_DATA,EASY,base_59ee32e793,pdf_base,,
spam,Limited time offer. Click the link to claim your reward before it expires. Last chance.,OTHER,MALICIOUS,REAL_PUBLIC_DATA,EASY,base_7bd92d3763,pdf_base,,
spam,Claim your prize now. We detected unusual activity and need verification immediately. Do not miss this opportunity.,OTHER,MALICIOUS,REAL_PUBLIC_DATA,EASY,base_29f250525d,pdf_base,,
ham,Lunch plan. The order has been confirmed and details are attached below. Thanks for your help.,NONE,BENIGN,REAL_PUBLIC_DATA,EASY,base_2535590091,pdf_base,,
spam,Special deal for you. You have been selected for a special bonus offer. Offer ends very soon.,OTHER,MALICIOUS,REAL_PUBLIC_DATA,EASY,base_9f7a87258e,pdf_base,,
spam,Congratulations you won. Unlock premium access with this one time opportunity. Limited availability.,OTHER,MALICIOUS,REAL_PUBLIC_DATA,EASY,base_6f5c0f9536,pdf_base,,
spam,Final notice payment needed. We detected unusual activity and need verification immediately. Last chance.,OTHER,MALICIOUS,REAL_PUBLIC_DATA,EASY,base_2bffd7f708,pdf_base,,
ham,Team discussion. The meeting is scheduled for tomorrow afternoon in the office. Thanks for your help.,NONE,BENIGN,REAL_PUBLIC_DATA,EASY,base_51ed76763e,pdf_base,,
ham,Meeting reminder. The meeting is scheduled for tomorrow afternoon in the office. Let me know if anything changes.,NONE,BENIGN,REAL_PUBLIC_DATA,EASY,base_bb188fc5a6,pdf_base,,
ham,Homework question. Here are the notes for this week and the next steps. Looking forward to your response.,NONE,BENIGN,REAL_PUBLIC_DATA,EASY,base_f0fec3f4cb,pdf_base,,
ham,Weekly schedule. Please review the file and send your feedback when you are free. Let me know if anything changes.,NONE,BENIGN,REAL_PUBLIC_DATA,EASY,base_edcf204f92,pdf_base,,
spam,"Congratulations you won. This offer expires soon, so take action now. Last chance. .",OTHER,MALICIOUS,REAL_PUBLIC_DATA,EASY,base_bee4201eab,pdf_base,,
spam,Congratulations you won. You have been selected for a special bonus offer. Last chance.,OTHER,MALICIOUS,REAL_PUBLIC_DATA,EASY,base_913643b01f,pdf_base,,
spam,Action required immediately. You have been selected for a special bonus offer. Do not miss this opportunity.,OTHER,MALICIOUS,REAL_PUBLIC_DATA,EASY,base_9470c82b66,pdf_base,,
ham,Meeting reminder. I completed the task and shared the latest version for review. Looking forward to your response.,NONE,BENIGN,REAL_PUBLIC_DATA,EASY,base_5e14875f57,pdf_base,,
ham,Homework question. Please review the file and send your feedback when you are free. Please reply when convenient.,NONE,BENIGN,REAL_PUBLIC_DATA,EASY,base_ce6bc381b3,pdf_base,,
ham,Appointment follow-up. The order has been confirmed and details are attached below. Please reply when convenient.,NONE,BENIGN,REAL_PUBLIC_DATA,EASY,base_71ba8dc99a,pdf_base,,
ham,Class notes. Can you check this and reply when convenient? I appreciate your time.,NONE,BENIGN,REAL_PUBLIC_DATA,EASY,base_92ac20713a,pdf_base,,
ham,Meeting reminder. Dinner is planned for Saturday evening at home. Let me know if anything changes.,NONE,BENIGN,REAL_PUBLIC_DATA,EASY,base_701a0c28c5,pdf_base,,
ham,Order confirmation. The order has been confirmed and details are attached below. Thanks for your help.,NONE,BENIGN,REAL_PUBLIC_DATA,EASY,base_8942bb125a,pdf_base,,
ham,Order confirmation. The meeting is scheduled for tomorrow afternoon in the office. Please reply when convenient.,NONE,BENIGN,REAL_PUBLIC_DATA,EASY,base_3ecb48e83e,pdf_base,,
spam,Urgent account alert. You have been selected for a special bonus offer. Last chance.,OTHER,MALICIOUS,REAL_PUBLIC_DATA,EASY,base_a75a779c5c,pdf_base,,
spam,Claim your prize now. Click the link to claim your reward before it expires. Do not miss this opportunity.,OTHER,MALICIOUS,REAL_PUBLIC_DATA,EASY,base_5079327eb5,pdf_base,,
spam,"Congratulations you won. Click the link to claim your reward before it expires. No reply is needed, act now. .",OTHER,MALICIOUS,REAL_PUBLIC_DATA,EASY,base_5d252a33c7,pdf_base,,
spam,"Verify your account today. You have been selected for a special bonus offer. No reply is needed, act now. .",OTHER,MALICIOUS,REAL_PUBLIC_DATA,EASY,base_0c947ec57d,pdf_base,,
spam,Urgent account alert. This is a limited time deal and you should act fast. Offer ends very soon.,OTHER,MALICIOUS,REAL_PUBLIC_DATA,EASY,base_09a6409561,pdf_base,,
ham,Weekly schedule. Can you check this and reply when convenient? Looking forward to your response.,NONE,BENIGN,REAL_PUBLIC_DATA,EASY,base_58161f811d,pdf_base,,
ham,Meeting reminder. Please confirm your availability for the appointment. Looking forward to your response.,NONE,BENIGN,REAL_PUBLIC_DATA,EASY,base_a78344f60d,pdf_base,,
spam,"Special deal for you. Please confirm your details to receive your prize. No reply is needed, act now. .",OTHER,MALICIOUS,REAL_PUBLIC_DATA,EASY,base_699ca0801c,pdf_base,,
spam,"Urgent account alert. Click the link to claim your reward before it expires. No reply is needed, act now. .",OTHER,MALICIOUS,REAL_PUBLIC_DATA,EASY,base_b01e766a3e,pdf_base,,
spam,"Free gift waiting. We detected unusual activity and need verification immediately. No reply is needed, act now. .",OTHER,MALICIOUS,REAL_PUBLIC_DATA,EASY,base_e1365e7ce5,pdf_base,,
ham,Class notes. Please review the file and send your feedback when you are free. I appreciate your time.,NONE,BENIGN,REAL_PUBLIC_DATA,EASY,base_03fb4b217a,pdf_base,,
spam,Exclusive bonus inside. Unlock premium access with this one time opportunity. Last chance.,OTHER,MALICIOUS,REAL_PUBLIC_DATA,EASY,base_e37c200737,pdf_base,,
ham,Weekly schedule. Dinner is planned for Saturday evening at home. Thanks for your help.,NONE,BENIGN,REAL_PUBLIC_DATA,EASY,base_39e4b8be24,pdf_base,,
ham,Project update. Dinner is planned for Saturday evening at home. Looking forward to your response.,NONE,BENIGN,REAL_PUBLIC_DATA,EASY,base_0e3d15303a,pdf_base,,
spam,"Action required immediately. We detected unusual activity and need verification immediately. No reply is needed, act now. .",OTHER,MALICIOUS,REAL_PUBLIC_DATA,EASY,base_2506042839,pdf_base,,
spam,"Congratulations you won. Do not miss this exclusive reward, claim it today. No reply is needed, act now. .",OTHER,MALICIOUS,REAL_PUBLIC_DATA,EASY,base_d1c62beff6,pdf_base,,
ham,Class notes. Please confirm your availability for the appointment. Please reply when convenient.,NONE,BENIGN,REAL_PUBLIC_DATA,EASY,base_064ae7e0da,pdf_base,,
ham,Lunch plan. The meeting is scheduled for tomorrow afternoon in the office. Please reply when convenient.,NONE,BENIGN,REAL_PUBLIC_DATA,EASY,base_8fc39b3368,pdf_base,,
ham,Order confirmation. The meeting is scheduled for tomorrow afternoon in the office. I appreciate your time.,NONE,BENIGN,REAL_PUBLIC_DATA,EASY,base_3ecb48e83e,pdf_base,,
ham,Project update. The meeting is scheduled for tomorrow afternoon in the office. Please reply when convenient.,NONE,BENIGN,REAL_PUBLIC_DATA,EASY,base_2bbfa76cdc,pdf_base,,
ham,Order confirmation. The order has been confirmed and details are attached below. Looking forward to your response.,NONE,BENIGN,REAL_PUBLIC_DATA,EASY,base_8942bb125a,pdf_base,,
spam,Limited time offer. Please confirm your details to receive your prize. Offer ends very soon.,OTHER,MALICIOUS,REAL_PUBLIC_DATA,EASY,base_0293897ea5,pdf_base,,
spam,"Limited time offer. This offer expires soon, so take action now. Last chance. .",OTHER,MALICIOUS,REAL_PUBLIC_DATA,EASY,base_8e43a9ceba,pdf_base,,
ham,Project update. Please confirm your availability for the appointment. I appreciate your time.,NONE,BENIGN,REAL_PUBLIC_DATA,EASY,base_40d45f81ac,pdf_base,,
ham,Homework question. Can you check this and reply when convenient? Thanks for your help.,NONE,BENIGN,REAL_PUBLIC_DATA,EASY,base_427de17674,pdf_base,,
spam,"Final notice payment needed. Do not miss this exclusive reward, claim it today. Limited availability. .",OTHER,MALICIOUS,REAL_PUBLIC_DATA,EASY,base_92e7552609,pdf_base,,
spam,Free gift waiting. Unlock premium access with this one time opportunity. Offer ends very soon.,OTHER,MALICIOUS,REAL_PUBLIC_DATA,EASY,base_ddd7b1f618,pdf_base,,
ham,Weekly schedule. Here are the notes for this week and the next steps. Let me know if anything changes.,NONE,BENIGN,REAL_PUBLIC_DATA,EASY,base_baf3f2b4e8,pdf_base,,
spam,Action required immediately. Unlock premium access with this one time opportunity. Do not miss this opportunity.,OTHER,MALICIOUS,REAL_PUBLIC_DATA,EASY,base_ce3b3e6a9f,pdf_base,,
ham,Homework question. Please confirm your availability for the appointment. I appreciate your time.,NONE,BENIGN,REAL_PUBLIC_DATA,EASY,base_700b2de8fa,pdf_base,,
ham,Meeting reminder. The meeting is scheduled for tomorrow afternoon in the office. I appreciate your time.,NONE,BENIGN,REAL_PUBLIC_DATA,EASY,base_bb188fc5a6,pdf_base,,
spam,Final notice payment needed. This is a limited time deal and you should act fast. Offer ends very soon.,OTHER,MALICIOUS,REAL_PUBLIC_DATA,EASY,base_75d77e6129,pdf_base,,
ham,Appointment follow-up. Please confirm your availability for the appointment. Looking forward to your response.,NONE,BENIGN,REAL_PUBLIC_DATA,EASY,base_5d5108dfeb,pdf_base,,
ham,Weekly schedule. We need to finalize the timeline before Friday. Thanks for your help.,NONE,BENIGN,REAL_PUBLIC_DATA,EASY,base_0221a2d016,pdf_base,,
spam,"Verify your account today. Your payment failed, update your information right away. Do not miss this opportunity. .",OTHER,MALICIOUS,REAL_PUBLIC_DATA,EASY,base_47813bce44,pdf_base,,
ham,Meeting reminder. Can you check this and reply when convenient? Looking forward to your response.,NONE,BENIGN,REAL_PUBLIC_DATA,EASY,base_f6db5c5a44,pdf_base,,
ham,Appointment follow-up. The order has been confirmed and details are attached below. I appreciate your time.,NONE,BENIGN,REAL_PUBLIC_DATA,EASY,base_71ba8dc99a,pdf_base,,
spam,Free gift waiting. Click the link to claim your reward before it expires. Do not miss this opportunity.,OTHER,MALICIOUS,REAL_PUBLIC_DATA,EASY,base_679d6f34c7,pdf_base,,
ham,Team discussion. Dinner is planned for Saturday evening at home. I appreciate your time.,NONE,BENIGN,REAL_PUBLIC_DATA,EASY,base_a9c495cd51,pdf_base,,
ham,Meeting reminder. Let us meet after class to discuss the assignment. Thanks for your help.,NONE,BENIGN,REAL_PUBLIC_DATA,EASY,base_e1ab785dd3,pdf_base,,
spam,Urgent account alert. Click the link to claim your reward before it expires. Offer ends very soon.,OTHER,MALICIOUS,REAL_PUBLIC_DATA,EASY,base_b01e766a3e,pdf_base,,
spam,Exclusive bonus inside. We detected unusual activity and need verification immediately. Do not miss this opportunity.,OTHER,MALICIOUS,REAL_PUBLIC_DATA,EASY,base_71e0658e4f,pdf_base,,
spam,"Verify your account today. This offer expires soon, so take action now. Last chance. .",OTHER,MALICIOUS,REAL_PUBLIC_DATA,EASY,base_980cacb8b4,pdf_base,,
ham,Project update. Please confirm your availability for the appointment. Let me know if anything changes.,NONE,BENIGN,REAL_PUBLIC_DATA,EASY,base_40d45f81ac,pdf_base,,
spam,"Verify your account today. Your account may be suspended unless you respond now. No reply is needed, act now. .",OTHER,MALICIOUS,REAL_PUBLIC_DATA,EASY,base_8e5ad4f27e,pdf_base,,
ham,Meeting reminder. Let us meet after class to discuss the assignment. Looking forward to your response.,NONE,BENIGN,REAL_PUBLIC_DATA,EASY,base_e1ab785dd3,pdf_base,,
spam,"Special deal for you. Your payment failed, update your information right away. Last chance. .",OTHER,MALICIOUS,REAL_PUBLIC_DATA,EASY,base_2c0d051737,pdf_base,,
spam,"Free gift waiting. Do not miss this exclusive reward, claim it today. Limited availability. .",OTHER,MALICIOUS,REAL_PUBLIC_DATA,EASY,base_81f49dadec,pdf_base,,
ham,Project update. Dinner is planned for Saturday evening at home. Let me know if anything changes.,NONE,BENIGN,REAL_PUBLIC_DATA,EASY,base_0e3d15303a,pdf_base,,
ham,Homework question. Here are the notes for this week and the next steps. Thanks for your help.,NONE,BENIGN,REAL_PUBLIC_DATA,EASY,base_f0fec3f4cb,pdf_base,,
spam,"Action required immediately. Do not miss this exclusive reward, claim it today. Do not miss this opportunity. .",OTHER,MALICIOUS,REAL_PUBLIC_DATA,EASY,base_b9e06dbbd3,pdf_base,,
ham,Appointment follow-up. Can you check this and reply when convenient? Please reply when convenient.,NONE,BENIGN,REAL_PUBLIC_DATA,EASY,base_973dbc30a7,pdf_base,,
ham,Class notes. I completed the task and shared the latest version for review. Please reply when convenient.,NONE,BENIGN,REAL_PUBLIC_DATA,EASY,base_4b0644d4e8,pdf_base,,
ham,Class notes. Dinner is planned for Saturday evening at home. Let me know if anything changes.,NONE,BENIGN,REAL_PUBLIC_DATA,EASY,base_a7e0de16f2,pdf_base,,
ham,Meeting reminder. Dinner is planned for Saturday evening at home. Looking forward to your response.,NONE,BENIGN,REAL_PUBLIC_DATA,EASY,base_701a0c28c5,pdf_base,,
spam,Verify your account today. You have been selected for a special bonus offer. Do not miss this opportunity.,OTHER,MALICIOUS,REAL_PUBLIC_DATA,EASY,base_0c947ec57d,pdf_base,,
spam,"Verify your account today. Please confirm your details to receive your prize. No reply is needed, act now. .",OTHER,MALICIOUS,REAL_PUBLIC_DATA,EASY,base_ad6bf3da61,pdf_base,,
ham,Project update. The meeting is scheduled for tomorrow afternoon in the office. Thanks for your help.,NONE,BENIGN,REAL_PUBLIC_DATA,EASY,base_2bbfa76cdc,pdf_base,,
spam,Claim your prize now. Your account may be suspended unless you respond now. Limited availability.,OTHER,MALICIOUS,REAL_PUBLIC_DATA,EASY,base_92d228faa7,pdf_base,,
spam,"Final notice payment needed. Your payment failed, update your information right away. No reply is needed, act now. .",OTHER,MALICIOUS,REAL_PUBLIC_DATA,EASY,base_ef71791355,pdf_base,,
spam,"Limited time offer. Do not miss this exclusive reward, claim it today. Do not miss this opportunity. .",OTHER,MALICIOUS,REAL_PUBLIC_DATA,EASY,base_a78c1035e8,pdf_base,,
ham,Lunch plan. Let us meet after class to discuss the assignment. I appreciate your time.,NONE,BENIGN,REAL_PUBLIC_DATA,EASY,base_5218940fbf,pdf_base,,
ham,Appointment follow-up. Please confirm your availability for the appointment. Please reply when convenient.,NONE,BENIGN,REAL_PUBLIC_DATA,EASY,base_5d5108dfeb,pdf_base,,
spam,"Claim your prize now. You have been selected for a special bonus offer. No reply is needed, act now. .",OTHER,MALICIOUS,REAL_PUBLIC_DATA,EASY,base_d7df491d96,pdf_base,,
spam,"Limited time offer. Your payment failed, update your information right away. Offer ends very soon. .",OTHER,MALICIOUS,REAL_PUBLIC_DATA,EASY,base_f4f1f38ae9,pdf_base,,
spam,Verify your account today. Click the link to claim your reward before it expires. Limited availability.,OTHER,MALICIOUS,REAL_PUBLIC_DATA,EASY,base_f4a72ec72e,pdf_base,,
spam,Claim your prize now. Click the link to claim your reward before it expires. Limited availability.,OTHER,MALICIOUS,REAL_PUBLIC_DATA,EASY,base_5079327eb5,pdf_base,,
spam,Special deal for you. Please confirm your details to receive your prize. Limited availability.,OTHER,MALICIOUS,REAL_PUBLIC_DATA,EASY,base_699ca0801c,pdf_base,,
spam,"Urgent account alert. This offer expires soon, so take action now. Do not miss this opportunity. .",OTHER,MALICIOUS,REAL_PUBLIC_DATA,EASY,base_486083c612,pdf_base,,
spam,"Congratulations you won. This offer expires soon, so take action now. Limited availability. .",OTHER,MALICIOUS,REAL_PUBLIC_DATA,EASY,base_bee4201eab,pdf_base,,
ham,Class notes. The meeting is scheduled for tomorrow afternoon in the office. Let me know if anything changes.,NONE,BENIGN,REAL_PUBLIC_DATA,EASY,base_601c01a592,pdf_base,,
spam,Congratulations you won. We detected unusual activity and need verification immediately. Do not miss this opportunity.,OTHER,MALICIOUS,REAL_PUBLIC_DATA,EASY,base_e5906419e9,pdf_base,,
spam,Final notice payment needed. We detected unusual activity and need verification immediately. Offer ends very soon.,OTHER,MALICIOUS,REAL_PUBLIC_DATA,EASY,base_2bffd7f708,pdf_base,,
ham,Appointment follow-up. Let us meet after class to discuss the assignment. Looking forward to your response.,NONE,BENIGN,REAL_PUBLIC_DATA,EASY,base_d2e778afa3,pdf_base,,
ham,Project update. Please confirm your availability for the appointment. Thanks for your help.,NONE,BENIGN,REAL_PUBLIC_DATA,EASY,base_40d45f81ac,pdf_base,,
ham,Family plan. Let us meet after class to discuss the assignment. Let me know if anything changes.,NONE,BENIGN,REAL_PUBLIC_DATA,EASY,base_2996405591,pdf_base,,
spam,"Free gift waiting. This offer expires soon, so take action now. Offer ends very soon. .",OTHER,MALICIOUS,REAL_PUBLIC_DATA,EASY,base_978050d4dc,pdf_base,,
spam,"Verify your account today. Your payment failed, update your information right away. Limited availability. .",OTHER,MALICIOUS,REAL_PUBLIC_DATA,EASY,base_47813bce44,pdf_base,,
ham,Team discussion. The meeting is scheduled for tomorrow afternoon in the office. Looking forward to your response.,NONE,BENIGN,REAL_PUBLIC_DATA,EASY,base_51ed76763e,pdf_base,,
ham,Meeting reminder. Please confirm your availability for the appointment. I appreciate your time.,NONE,BENIGN,REAL_PUBLIC_DATA,EASY,base_a78344f60d,pdf_base,,
ham,Meeting reminder. Dinner is planned for Saturday evening at home. Thanks for your help.,NONE,BENIGN,REAL_PUBLIC_DATA,EASY,base_701a0c28c5,pdf_base,,
spam,Action required immediately. Unlock premium access with this one time opportunity. Offer ends very soon.,OTHER,MALICIOUS,REAL_PUBLIC_DATA,EASY,base_ce3b3e6a9f,pdf_base,,
spam,Action required immediately. We detected unusual activity and need verification immediately. Last chance.,OTHER,MALICIOUS,REAL_PUBLIC_DATA,EASY,base_2506042839,pdf_base,,
ham,Appointment follow-up. We need to finalize the timeline before Friday. Thanks for your help.,NONE,BENIGN,REAL_PUBLIC_DATA,EASY,base_8f7e912d07,pdf_base,,
ham,Team discussion. The order has been confirmed and details are attached below. Looking forward to your response.,NONE,BENIGN,REAL_PUBLIC_DATA,EASY,base_e0f134ccd2,pdf_base,,
spam,"Exclusive bonus inside. Click the link to claim your reward before it expires. No reply is needed, act now. .",OTHER,MALICIOUS,REAL_PUBLIC_DATA,EASY,base_9742eace43,pdf_base,,
ham,Project update. Can you check this and reply when convenient? Please reply when convenient.,NONE,BENIGN,REAL_PUBLIC_DATA,EASY,base_4d8bb1d037,pdf_base,,
ham,Family plan. Can you check this and reply when convenient? I appreciate your time.,NONE,BENIGN,REAL_PUBLIC_DATA,EASY,base_7d1a7463c7,pdf_base,,
ham,Order confirmation. Can you check this and reply when convenient? I appreciate your time.,NONE,BENIGN,REAL_PUBLIC_DATA,EASY,base_1efcf7c47c,pdf_base,,
ham,Team discussion. I completed the task and shared the latest version for review. I appreciate your time.,NONE,BENIGN,REAL_PUBLIC_DATA,EASY,base_e12ba16882,pdf_base,,
spam,Final notice payment needed. You have been selected for a special bonus offer. Offer ends very soon.,OTHER,MALICIOUS,REAL_PUBLIC_DATA,EASY,base_e535d3b91f,pdf_base,,
spam,"Exclusive bonus inside. Your payment failed, update your information right away. Limited availability. .",OTHER,MALICIOUS,REAL_PUBLIC_DATA,EASY,base_e2e23b93db,pdf_base,,
ham,Lunch plan. Here are the notes for this week and the next steps. Please reply when convenient.,NONE,BENIGN,REAL_PUBLIC_DATA,EASY,base_e96015d131,pdf_base,,
spam,Limited time offer. Your account may be suspended unless you respond now. Limited availability.,OTHER,MALICIOUS,REAL_PUBLIC_DATA,EASY,base_874d9279e6,pdf_base,,
spam,"Free gift waiting. Your payment failed, update your information right away. Offer ends very soon. .",OTHER,MALICIOUS,REAL_PUBLIC_DATA,EASY,base_f658a17c3b,pdf_base,,
ham,Weekly schedule. Please confirm your availability for the appointment. Looking forward to your response.,NONE,BENIGN,REAL_PUBLIC_DATA,EASY,base_f02f878224,pdf_base,,
ham,Family plan. Here are the notes for this week and the next steps. Let me know if anything changes.,NONE,BENIGN,REAL_PUBLIC_DATA,EASY,base_7ec827f283,pdf_base,,
ham,Homework question. The order has been confirmed and details are attached below. Please reply when convenient.,NONE,BENIGN,REAL_PUBLIC_DATA,EASY,base_5ecdebe504,pdf_base,,
spam,Limited time offer. This is a limited time deal and you should act fast. Last chance.,OTHER,MALICIOUS,REAL_PUBLIC_DATA,EASY,base_033c6a9225,pdf_base,,
ham,Class notes. Let us meet after class to discuss the assignment. Please reply when convenient.,NONE,BENIGN,REAL_PUBLIC_DATA,EASY,base_e18caabf79,pdf_base,,
spam,"Limited time offer. Please confirm your details to receive your prize. No reply is needed, act now. .",OTHER,MALICIOUS,REAL_PUBLIC_DATA,EASY,base_0293897ea5,pdf_base,,
spam,Free gift waiting. This is a limited time deal and you should act fast. Limited availability.,OTHER,MALICIOUS,REAL_PUBLIC_DATA,EASY,base_72c2e6d6c5,pdf_base,,
spam,"Special deal for you. Do not miss this exclusive reward, claim it today. Limited availability. .",OTHER,MALICIOUS,REAL_PUBLIC_DATA,EASY,base_054a1b3f3f,pdf_base,,
spam,Free gift waiting. Please confirm your details to receive your prize. Limited availability.,OTHER,MALICIOUS,REAL_PUBLIC_DATA,EASY,base_2723e0bd75,pdf_base,,
spam,"Exclusive bonus inside. This offer expires soon, so take action now. Offer ends very soon. .",OTHER,MALICIOUS,REAL_PUBLIC_DATA,EASY,base_1ca9d81a2c,pdf_base,,
spam,"Exclusive bonus inside. Do not miss this exclusive reward, claim it today. Limited availability. .",OTHER,MALICIOUS,REAL_PUBLIC_DATA,EASY,base_2e4df99311,pdf_base,,
spam,Congratulations you won. Unlock premium access with this one time opportunity. Offer ends very soon.,OTHER,MALICIOUS,REAL_PUBLIC_DATA,EASY,base_6f5c0f9536,pdf_base,,
ham,Project update. The meeting is scheduled for tomorrow afternoon in the office. I appreciate your time.,NONE,BENIGN,REAL_PUBLIC_DATA,EASY,base_2bbfa76cdc,pdf_base,,
ham,Project update. Please review the file and send your feedback when you are free. I appreciate your time.,NONE,BENIGN,REAL_PUBLIC_DATA,EASY,base_d1a4bd9179,pdf_base,,
ham,Project update. Can you check this and reply when convenient? Let me know if anything changes.,NONE,BENIGN,REAL_PUBLIC_DATA,EASY,base_4d8bb1d037,pdf_base,,
ham,Team discussion. The meeting is scheduled for tomorrow afternoon in the office. Let me know if anything changes.,NONE,BENIGN,REAL_PUBLIC_DATA,EASY,base_51ed76763e,pdf_base,,
ham,Appointment follow-up. Let us meet after class to discuss the assignment. Let me know if anything changes.,NONE,BENIGN,REAL_PUBLIC_DATA,EASY,base_d2e778afa3,pdf_base,,
spam,Free gift waiting. We detected unusual activity and need verification immediately. Last chance.,OTHER,MALICIOUS,REAL_PUBLIC_DATA,EASY,base_e1365e7ce5,pdf_base,,
spam,"Claim your prize now. This offer expires soon, so take action now. Do not miss this opportunity. .",OTHER,MALICIOUS,REAL_PUBLIC_DATA,EASY,base_a2694f9a4a,pdf_base,,
spam,Special deal for you. Please confirm your details to receive your prize. Do not miss this opportunity.,OTHER,MALICIOUS,REAL_PUBLIC_DATA,EASY,base_699ca0801c,pdf_base,,
spam,"Final notice payment needed. Your payment failed, update your information right away. Offer ends very soon. .",OTHER,MALICIOUS,REAL_PUBLIC_DATA,EASY,base_ef71791355,pdf_base,,
spam,"Action required immediately. Do not miss this exclusive reward, claim it today. Offer ends very soon. .",OTHER,MALICIOUS,REAL_PUBLIC_DATA,EASY,base_b9e06dbbd3,pdf_base,,
spam,"Special deal for you. Your payment failed, update your information right away. Limited availability. .",OTHER,MALICIOUS,REAL_PUBLIC_DATA,EASY,base_2c0d051737,pdf_base,,
spam,"Free gift waiting. Do not miss this exclusive reward, claim it today. Do not miss this opportunity. .",OTHER,MALICIOUS,REAL_PUBLIC_DATA,EASY,base_81f49dadec,pdf_base,,
spam,Limited time offer. Please confirm your details to receive your prize. Do not miss this opportunity.,OTHER,MALICIOUS,REAL_PUBLIC_DATA,EASY,base_0293897ea5,pdf_base,,
ham,Project update. Can you check this and reply when convenient? Looking forward to your response.,NONE,BENIGN,REAL_PUBLIC_DATA,EASY,base_4d8bb1d037,pdf_base,,
ham,Team discussion. Let us meet after class to discuss the assignment. I appreciate your time.,NONE,BENIGN,REAL_PUBLIC_DATA,EASY,base_f9befeacd6,pdf_base,,
ham,Project update. Let us meet after class to discuss the assignment. I appreciate your time.,NONE,BENIGN,REAL_PUBLIC_DATA,EASY,base_966dbadf43,pdf_base,,
spam,Claim your prize now. This is a limited time deal and you should act fast. Last chance.,OTHER,MALICIOUS,REAL_PUBLIC_DATA,EASY,base_16c5c7e683,pdf_base,,
spam,Limited time offer. Unlock premium access with this one time opportunity. Offer ends very soon.,OTHER,MALICIOUS,REAL_PUBLIC_DATA,EASY,base_9af1f8807c,pdf_base,,
spam,"Limited time offer. Do not miss this exclusive reward, claim it today. No reply is needed, act now. .",OTHER,MALICIOUS,REAL_PUBLIC_DATA,EASY,base_a78c1035e8,pdf_base,,
ham,Order confirmation. I completed the task and shared the latest version for review. Looking forward to your response.,NONE,BENIGN,REAL_PUBLIC_DATA,EASY,base_487c1df9fd,pdf_base,,
spam,Final notice payment needed. We detected unusual activity and need verification immediately. Do not miss this opportunity.,OTHER,MALICIOUS,REAL_PUBLIC_DATA,EASY,base_2bffd7f708,pdf_base,,
spam,"Limited time offer. Do not miss this exclusive reward, claim it today. Last chance. .",OTHER,MALICIOUS,REAL_PUBLIC_DATA,EASY,base_a78c1035e8,pdf_base,,
spam,Final notice payment needed. Unlock premium access with this one time opportunity. Limited availability.,OTHER,MALICIOUS,REAL_PUBLIC_DATA,EASY,base_8b7614b8c9,pdf_base,,
ham,Team discussion. We need to finalize the timeline before Friday. Please reply when convenient.,NONE,BENIGN,REAL_PUBLIC_DATA,EASY,base_b43395927d,pdf_base,,
spam,Special deal for you. Click the link to claim your reward before it expires. Offer ends very soon.,OTHER,MALICIOUS,REAL_PUBLIC_DATA,EASY,base_bd52a63679,pdf_base,,
spam,Action required immediately. This is a limited time deal and you should act fast. Last chance.,OTHER,MALICIOUS,REAL_PUBLIC_DATA,EASY,base_e533d92e2e,pdf_base,,
ham,Project update. Dinner is planned for Saturday evening at home. Please reply when convenient.,NONE,BENIGN,REAL_PUBLIC_DATA,EASY,base_0e3d15303a,pdf_base,,
spam,"Action required immediately. Your payment failed, update your information right away. Last chance. .",OTHER,MALICIOUS,REAL_PUBLIC_DATA,EASY,base_a4a49a4dd0,pdf_base,,
spam,Verify your account today. Please confirm your details to receive your prize. Limited availability.,OTHER,MALICIOUS,REAL_PUBLIC_DATA,EASY,base_ad6bf3da61,pdf_base,,
spam,"Action required immediately. Your account may be suspended unless you respond now. No reply is needed, act now. .",OTHER,MALICIOUS,REAL_PUBLIC_DATA,EASY,base_a9e64b8341,pdf_base,,
ham,Order confirmation. Please review the file and send your feedback when you are free. Looking forward to your response.,NONE,BENIGN,REAL_PUBLIC_DATA,EASY,base_9a32f00866,pdf_base,,
spam,"Claim your prize now. Your payment failed, update your information right away. No reply is needed, act now. .",OTHER,MALICIOUS,REAL_PUBLIC_DATA,EASY,base_c71e42470d,pdf_base,,
ham,Appointment follow-up. Here are the notes for this week and the next steps. Let me know if anything changes.,NONE,BENIGN,REAL_PUBLIC_DATA,EASY,base_6ef9a16161,pdf_base,,
spam,"Urgent account alert. Do not miss this exclusive reward, claim it today. Offer ends very soon. .",OTHER,MALICIOUS,REAL_PUBLIC_DATA,EASY,base_0ded7c7d6b,pdf_base,,
spam,"Urgent account alert. This offer expires soon, so take action now. Limited availability. .",OTHER,MALICIOUS,REAL_PUBLIC_DATA,EASY,base_486083c612,pdf_base,,
spam,"Limited time offer. Your payment failed, update your information right away. Do not miss this opportunity. .",OTHER,MALICIOUS,REAL_PUBLIC_DATA,EASY,base_f4f1f38ae9,pdf_base,,
spam,Claim your prize now. Please confirm your details to receive your prize. Offer ends very soon.,OTHER,MALICIOUS,REAL_PUBLIC_DATA,EASY,base_7c5bff0c9e,pdf_base,,
ham,Order confirmation. The meeting is scheduled for tomorrow afternoon in the office. Looking forward to your response.,NONE,BENIGN,REAL_PUBLIC_DATA,EASY,base_3ecb48e83e,pdf_base,,
spam,Special deal for you. You have been selected for a special bonus offer. Do not miss this opportunity.,OTHER,MALICIOUS,REAL_PUBLIC_DATA,EASY,base_9f7a87258e,pdf_base,,
spam,"Exclusive bonus inside. Your payment failed, update your information right away. No reply is needed, act now. .",OTHER,MALICIOUS,REAL_PUBLIC_DATA,EASY,base_e2e23b93db,pdf_base,,
spam,"Urgent account alert. This is a limited time deal and you should act fast. No reply is needed, act now. .",OTHER,MALICIOUS,REAL_PUBLIC_DATA,EASY,base_09a6409561,pdf_base,,
spam,Limited time offer. Your account may be suspended unless you respond now. Do not miss this opportunity.,OTHER,MALICIOUS,REAL_PUBLIC_DATA,EASY,base_874d9279e6,pdf_base,,
ham,Homework question. Please confirm your availability for the appointment. Let me know if anything changes.,NONE,BENIGN,REAL_PUBLIC_DATA,EASY,base_700b2de8fa,pdf_base,,
spam,Exclusive bonus inside. We detected unusual activity and need verification immediately. Limited availability.,OTHER,MALICIOUS,REAL_PUBLIC_DATA,EASY,base_71e0658e4f,pdf_base,,
spam,Urgent account alert. This is a limited time deal and you should act fast. Last chance.,OTHER,MALICIOUS,REAL_PUBLIC_DATA,EASY,base_09a6409561,pdf_base,,
spam,Final notice payment needed. Click the link to claim your reward before it expires. Limited availability.,OTHER,MALICIOUS,REAL_PUBLIC_DATA,EASY,base_c7032d326c,pdf_base,,
spam,Final notice payment needed. Your account may be suspended unless you respond now. Do not miss this opportunity.,OTHER,MALICIOUS,REAL_PUBLIC_DATA,EASY,base_644d49db52,pdf_base,,
spam,"Action required immediately. This offer expires soon, so take action now. Do not miss this opportunity. .",OTHER,MALICIOUS,REAL_PUBLIC_DATA,EASY,base_2010ab785e,pdf_base,,
ham,Appointment follow-up. Dinner is planned for Saturday evening at home. Let me know if anything changes.,NONE,BENIGN,REAL_PUBLIC_DATA,EASY,base_38d6292b48,pdf_base,,
spam,"Final notice payment needed. This offer expires soon, so take action now. Limited availability. .",OTHER,MALICIOUS,REAL_PUBLIC_DATA,EASY,base_09c5ed62a4,pdf_base,,
ham,Lunch plan. Please confirm your availability for the appointment. Let me know if anything changes.,NONE,BENIGN,REAL_PUBLIC_DATA,EASY,base_6f0424c4b8,pdf_base,,
ham,Team discussion. We need to finalize the timeline before Friday. Let me know if anything changes.,NONE,BENIGN,REAL_PUBLIC_DATA,EASY,base_b43395927d,pdf_base,,
ham,Order confirmation. Please confirm your availability for the appointment. I appreciate your time.,NONE,BENIGN,REAL_PUBLIC_DATA,EASY,base_3d1852c39c,pdf_base,,
ham,Order confirmation. Dinner is planned for Saturday evening at home. Looking forward to your response.,NONE,BENIGN,REAL_PUBLIC_DATA,EASY,base_5506bd6a8f,pdf_base,,
spam,Special deal for you. We detected unusual activity and need verification immediately. Offer ends very soon.,OTHER,MALICIOUS,REAL_PUBLIC_DATA,EASY,base_f9609958bf,pdf_base,,
spam,Congratulations you won. We detected unusual activity and need verification immediately. Offer ends very soon.,OTHER,MALICIOUS,REAL_PUBLIC_DATA,EASY,base_e5906419e9,pdf_base,,
ham,Homework question. We need to finalize the timeline before Friday. Thanks for your help.,NONE,BENIGN,REAL_PUBLIC_DATA,EASY,base_7ef0660807,pdf_base,,
spam,"Special deal for you. This offer expires soon, so take action now. Do not miss this opportunity. .",OTHER,MALICIOUS,REAL_PUBLIC_DATA,EASY,base_f2c9f0a9dc,pdf_base,,
ham,Order confirmation. The order has been confirmed and details are attached below. I appreciate your time.,NONE,BENIGN,REAL_PUBLIC_DATA,EASY,base_8942bb125a,pdf_base,,
spam,"Special deal for you. This offer expires soon, so take action now. Offer ends very soon. .",OTHER,MALICIOUS,REAL_PUBLIC_DATA,EASY,base_f2c9f0a9dc,pdf_base,,
spam,Exclusive bonus inside. Please confirm your details to receive your prize. Last chance.,OTHER,MALICIOUS,REAL_PUBLIC_DATA,EASY,base_ae3135cad6,pdf_base,,
spam,Exclusive bonus inside. Unlock premium access with this one time opportunity. Offer ends very soon.,OTHER,MALICIOUS,REAL_PUBLIC_DATA,EASY,base_e37c200737,pdf_base,,
ham,Class notes. Please review the file and send your feedback when you are free. Please reply when convenient.,NONE,BENIGN,REAL_PUBLIC_DATA,EASY,base_03fb4b217a,pdf_base,,
ham,Appointment follow-up. Dinner is planned for Saturday evening at home. Thanks for your help.,NONE,BENIGN,REAL_PUBLIC_DATA,EASY,base_38d6292b48,pdf_base,,
ham,Team discussion. Can you check this and reply when convenient? Let me know if anything changes.,NONE,BENIGN,REAL_PUBLIC_DATA,EASY,base_9ecca20bd4,pdf_base,,
ham,Appointment follow-up. I completed the task and shared the latest version for review. Please reply when convenient.,NONE,BENIGN,REAL_PUBLIC_DATA,EASY,base_c57f79b627,pdf_base,,
ham,Meeting reminder. Can you check this and reply when convenient? Please reply when convenient.,NONE,BENIGN,REAL_PUBLIC_DATA,EASY,base_f6db5c5a44,pdf_base,,
ham,Class notes. We need to finalize the timeline before Friday. Let me know if anything changes.,NONE,BENIGN,REAL_PUBLIC_DATA,EASY,base_2ec5190a95,pdf_base,,
ham,Class notes. The meeting is scheduled for tomorrow afternoon in the office. I appreciate your time.,NONE,BENIGN,REAL_PUBLIC_DATA,EASY,base_601c01a592,pdf_base,,
spam,Limited time offer. We detected unusual activity and need verification immediately. Do not miss this opportunity.,OTHER,MALICIOUS,REAL_PUBLIC_DATA,EASY,base_4691e159d5,pdf_base,,
spam,Urgent account alert. This is a limited time deal and you should act fast. Limited availability.,OTHER,MALICIOUS,REAL_PUBLIC_DATA,EASY,base_09a6409561,pdf_base,,
spam,"Verify your account today. Do not miss this exclusive reward, claim it today. Last chance. .",OTHER,MALICIOUS,REAL_PUBLIC_DATA,EASY,base_efad615d26,pdf_base,,
spam,Special deal for you. Unlock premium access with this one time opportunity. Limited availability.,OTHER,MALICIOUS,REAL_PUBLIC_DATA,EASY,base_92ba2c1362,pdf_base,,
ham,Lunch plan. Please confirm your availability for the appointment. Thanks for your help.,NONE,BENIGN,REAL_PUBLIC_DATA,EASY,base_6f0424c4b8,pdf_base,,
spam,Congratulations you won. This is a limited time deal and you should act fast. Offer ends very soon.,OTHER,MALICIOUS,REAL_PUBLIC_DATA,EASY,base_369179dbb6,pdf_base,,
spam,"Claim your prize now. We detected unusual activity and need verification immediately. No reply is needed, act now. .",OTHER,MALICIOUS,REAL_PUBLIC_DATA,EASY,base_29f250525d,pdf_base,,
spam,Urgent account alert. We detected unusual activity and need verification immediately. Limited availability.,OTHER,MALICIOUS,REAL_PUBLIC_DATA,EASY,base_338c5c4fd5,pdf_base,,
spam,"Congratulations you won. Unlock premium access with this one time opportunity. No reply is needed, act now. .",OTHER,MALICIOUS,REAL_PUBLIC_DATA,EASY,base_6f5c0f9536,pdf_base,,
spam,Verify your account today. You have been selected for a special bonus offer. Limited availability.,OTHER,MALICIOUS,REAL_PUBLIC_DATA,EASY,base_0c947ec57d,pdf_base,,
spam,Final notice payment needed. Please confirm your details to receive your prize. Do not miss this opportunity.,OTHER,MALICIOUS,REAL_PUBLIC_DATA,EASY,base_34d710d3c0,pdf_base,,
ham,Weekly schedule. Please review the file and send your feedback when you are free. I appreciate your time.,NONE,BENIGN,REAL_PUBLIC_DATA,EASY,base_edcf204f92,pdf_base,,
spam,Free gift waiting. Please confirm your details to receive your prize. Offer ends very soon.,OTHER,MALICIOUS,REAL_PUBLIC_DATA,EASY,base_2723e0bd75,pdf_base,,
ham,Family plan. Dinner is planned for Saturday evening at home. Let me know if anything changes.,NONE,BENIGN,REAL_PUBLIC_DATA,EASY,base_6b8cce8a1d,pdf_base,,
spam,Verify your account today. Click the link to claim your reward before it expires. Do not miss this opportunity.,OTHER,MALICIOUS,REAL_PUBLIC_DATA,EASY,base_f4a72ec72e,pdf_base,,
spam,Congratulations you won. Click the link to claim your reward before it expires. Offer ends very soon.,OTHER,MALICIOUS,REAL_PUBLIC_DATA,EASY,base_5d252a33c7,pdf_base,,
ham,Class notes. We need to finalize the timeline before Friday. Looking forward to your response.,NONE,BENIGN,REAL_PUBLIC_DATA,EASY,base_2ec5190a95,pdf_base,,
spam,Congratulations you won. Your account may be suspended unless you respond now. Last chance.,OTHER,MALICIOUS,REAL_PUBLIC_DATA,EASY,base_927acfcec3,pdf_base,,
ham,Class notes. The meeting is scheduled for tomorrow afternoon in the office. Thanks for your help.,NONE,BENIGN,REAL_PUBLIC_DATA,EASY,base_601c01a592,pdf_base,,
spam,Limited time offer. Click the link to claim your reward before it expires. Do not miss this opportunity.,OTHER,MALICIOUS,REAL_PUBLIC_DATA,EASY,base_7bd92d3763,pdf_base,,
ham,Lunch plan. We need to finalize the timeline before Friday. Let me know if anything changes.,NONE,BENIGN,REAL_PUBLIC_DATA,EASY,base_e7645c7503,pdf_base,,
spam,Verify your account today. Your account may be suspended unless you respond now. Last chance.,OTHER,MALICIOUS,REAL_PUBLIC_DATA,EASY,base_8e5ad4f27e,pdf_base,,
ham,Class notes. We need to finalize the timeline before Friday. Thanks for your help.,NONE,BENIGN,REAL_PUBLIC_DATA,EASY,base_2ec5190a95,pdf_base,,
ham,Family plan. The meeting is scheduled for tomorrow afternoon in the office. Please reply when convenient.,NONE,BENIGN,REAL_PUBLIC_DATA,EASY,base_4215f80fdb,pdf_base,,
spam,Exclusive bonus inside. Please confirm your details to receive your prize. Do not miss this opportunity.,OTHER,MALICIOUS,REAL_PUBLIC_DATA,EASY,base_ae3135cad6,pdf_base,,
spam,Congratulations you won. Your account may be suspended unless you respond now. Do not miss this opportunity.,OTHER,MALICIOUS,REAL_PUBLIC_DATA,EASY,base_927acfcec3,pdf_base,,
ham,Weekly schedule. The meeting is scheduled for tomorrow afternoon in the office. Thanks for your help.,NONE,BENIGN,REAL_PUBLIC_DATA,EASY,base_9b6206e2f1,pdf_base,,
ham,Weekly schedule. The meeting is scheduled for tomorrow afternoon in the office. Please reply when convenient.,NONE,BENIGN,REAL_PUBLIC_DATA,EASY,base_9b6206e2f1,pdf_base,,
spam,"Congratulations you won. Your payment failed, update your information right away. Do not miss this opportunity. .",OTHER,MALICIOUS,REAL_PUBLIC_DATA,EASY,base_89e26da4e5,pdf_base,,
ham,Family plan. I completed the task and shared the latest version for review. Thanks for your help.,NONE,BENIGN,REAL_PUBLIC_DATA,EASY,base_4375b86850,pdf_base,,
ham,Weekly schedule. The meeting is scheduled for tomorrow afternoon in the office. Let me know if anything changes.,NONE,BENIGN,REAL_PUBLIC_DATA,EASY,base_9b6206e2f1,pdf_base,,
ham,Order confirmation. We need to finalize the timeline before Friday. Looking forward to your response.,NONE,BENIGN,REAL_PUBLIC_DATA,EASY,base_6be5602792,pdf_base,,
spam,Special deal for you. Click the link to claim your reward before it expires. Last chance.,OTHER,MALICIOUS,REAL_PUBLIC_DATA,EASY,base_bd52a63679,pdf_base,,
spam,"Action required immediately. Your payment failed, update your information right away. Do not miss this opportunity. .",OTHER,MALICIOUS,REAL_PUBLIC_DATA,EASY,base_a4a49a4dd0,pdf_base,,
spam,"Congratulations you won. Please confirm your details to receive your prize. No reply is needed, act now. .",OTHER,MALICIOUS,REAL_PUBLIC_DATA,EASY,base_51451c14a8,pdf_base,,
spam,"Verify your account today. Click the link to claim your reward before it expires. No reply is needed, act now. .",OTHER,MALICIOUS,REAL_PUBLIC_DATA,EASY,base_f4a72ec72e,pdf_base,,
spam,Final notice payment needed. This is a limited time deal and you should act fast. Last chance.,OTHER,MALICIOUS,REAL_PUBLIC_DATA,EASY,base_75d77e6129,pdf_base,,
spam,"Limited time offer. Do not miss this exclusive reward, claim it today. Limited availability. .",OTHER,MALICIOUS,REAL_PUBLIC_DATA,EASY,base_a78c1035e8,pdf_base,,
ham,Order confirmation. Please confirm your availability for the appointment. Let me know if anything changes.,NONE,BENIGN,REAL_PUBLIC_DATA,EASY,base_3d1852c39c,pdf_base,,
ham,Family plan. The order has been confirmed and details are attached below. Thanks for your help.,NONE,BENIGN,REAL_PUBLIC_DATA,EASY,base_4d05a18243,pdf_base,,
spam,"Verify your account today. This offer expires soon, so take action now. Limited availability. .",OTHER,MALICIOUS,REAL_PUBLIC_DATA,EASY,base_980cacb8b4,pdf_base,,
ham,Class notes. I completed the task and shared the latest version for review. Thanks for your help.,NONE,BENIGN,REAL_PUBLIC_DATA,EASY,base_4b0644d4e8,pdf_base,,
ham,Lunch plan. Dinner is planned for Saturday evening at home. Please reply when convenient.,NONE,BENIGN,REAL_PUBLIC_DATA,EASY,base_7f62fdc729,pdf_base,,
spam,Verify your account today. This is a limited time deal and you should act fast. Do not miss this opportunity.,OTHER,MALICIOUS,REAL_PUBLIC_DATA,EASY,base_0e9093c23c,pdf_base,,
spam,Special deal for you. Your account may be suspended unless you respond now. Offer ends very soon.,OTHER,MALICIOUS,REAL_PUBLIC_DATA,EASY,base_df1c2d577b,pdf_base,,
spam,"Action required immediately. Your payment failed, update your information right away. No reply is needed, act now. .",OTHER,MALICIOUS,REAL_PUBLIC_DATA,EASY,base_a4a49a4dd0,pdf_base,,
ham,Lunch plan. The meeting is scheduled for tomorrow afternoon in the office. Thanks for your help.,NONE,BENIGN,REAL_PUBLIC_DATA,EASY,base_8fc39b3368,pdf_base,,
spam,"Special deal for you. Click the link to claim your reward before it expires. No reply is needed, act now. .",OTHER,MALICIOUS,REAL_PUBLIC_DATA,EASY,base_bd52a63679,pdf_base,,
ham,Project update. I completed the task and shared the latest version for review. Looking forward to your response.,NONE,BENIGN,REAL_PUBLIC_DATA,EASY,base_ecbf2e7b95,pdf_base,,
spam,Final notice payment needed. Click the link to claim your reward before it expires. Do not miss this opportunity.,OTHER,MALICIOUS,REAL_PUBLIC_DATA,EASY,base_c7032d326c,pdf_base,,
ham,Family plan. Please confirm your availability for the appointment. Please reply when convenient.,NONE,BENIGN,REAL_PUBLIC_DATA,EASY,base_e1344fc951,pdf_base,,
ham,Family plan. Let us meet after class to discuss the assignment. I appreciate your time.,NONE,BENIGN,REAL_PUBLIC_DATA,EASY,base_2996405591,pdf_base,,
spam,Limited time offer. You have been selected for a special bonus offer. Offer ends very soon.,OTHER,MALICIOUS,REAL_PUBLIC_DATA,EASY,base_30963791f7,pdf_base,,
ham,Lunch plan. I completed the task and shared the latest version for review. Thanks for your help.,NONE,BENIGN,REAL_PUBLIC_DATA,EASY,base_72245da441,pdf_base,,
spam,Special deal for you. Please confirm your details to receive your prize. Last chance.,OTHER,MALICIOUS,REAL_PUBLIC_DATA,EASY,base_699ca0801c,pdf_base,,
spam,Exclusive bonus inside. This is a limited time deal and you should act fast. Offer ends very soon.,OTHER,MALICIOUS,REAL_PUBLIC_DATA,EASY,base_54a874b5b1,pdf_base,,
spam,Claim your prize now. Click the link to claim your reward before it expires. Offer ends very soon.,OTHER,MALICIOUS,REAL_PUBLIC_DATA,EASY,base_5079327eb5,pdf_base,,
spam,"Special deal for you. Do not miss this exclusive reward, claim it today. No reply is needed, act now. .",OTHER,MALICIOUS,REAL_PUBLIC_DATA,EASY,base_054a1b3f3f,pdf_base,,
ham,Appointment follow-up. Please confirm your availability for the appointment. Let me know if anything changes.,NONE,BENIGN,REAL_PUBLIC_DATA,EASY,base_5d5108dfeb,pdf_base,,
ham,Meeting reminder. Here are the notes for this week and the next steps. Thanks for your help.,NONE,BENIGN,REAL_PUBLIC_DATA,EASY,base_7f36cb22e3,pdf_base,,
spam,Verify your account today. Please confirm your details to receive your prize. Offer ends very soon.,OTHER,MALICIOUS,REAL_PUBLIC_DATA,EASY,base_ad6bf3da61,pdf_base,,
ham,Class notes. Let us meet after class to discuss the assignment. I appreciate your time.,NONE,BENIGN,REAL_PUBLIC_DATA,EASY,base_e18caabf79,pdf_base,,
ham,Weekly schedule. The order has been confirmed and details are attached below. Let me know if anything changes.,NONE,BENIGN,REAL_PUBLIC_DATA,EASY,base_40d7ee88d9,pdf_base,,
ham,Lunch plan. Dinner is planned for Saturday evening at home. I appreciate your time.,NONE,BENIGN,REAL_PUBLIC_DATA,EASY,base_7f62fdc729,pdf_base,,
spam,"Urgent account alert. Your payment failed, update your information right away. Last chance. .",OTHER,MALICIOUS,REAL_PUBLIC_DATA,EASY,base_b04388e51b,pdf_base,,
ham,Meeting reminder. The meeting is scheduled for tomorrow afternoon in the office. Thanks for your help.,NONE,BENIGN,REAL_PUBLIC_DATA,EASY,base_bb188fc5a6,pdf_base,,
spam,"Congratulations you won. You have been selected for a special bonus offer. No reply is needed, act now. .",OTHER,MALICIOUS,REAL_PUBLIC_DATA,EASY,base_913643b01f,pdf_base,,
ham,Meeting reminder. Please review the file and send your feedback when you are free. Looking forward to your response.,NONE,BENIGN,REAL_PUBLIC_DATA,EASY,base_d42e460a43,pdf_base,,
ham,Order confirmation. Can you check this and reply when convenient? Looking forward to your response.,NONE,BENIGN,REAL_PUBLIC_DATA,EASY,base_1efcf7c47c,pdf_base,,
ham,Family plan. The order has been confirmed and details are attached below. Let me know if anything changes.,NONE,BENIGN,REAL_PUBLIC_DATA,EASY,base_4d05a18243,pdf_base,,
spam,Urgent account alert. You have been selected for a special bonus offer. Do not miss this opportunity.,OTHER,MALICIOUS,REAL_PUBLIC_DATA,EASY,base_a75a779c5c,pdf_base,,
spam,"Exclusive bonus inside. Your payment failed, update your information right away. Offer ends very soon. .",OTHER,MALICIOUS,REAL_PUBLIC_DATA,EASY,base_e2e23b93db,pdf_base,,
spam,"Special deal for you. We detected unusual activity and need verification immediately. No reply is needed, act now. .",OTHER,MALICIOUS,REAL_PUBLIC_DATA,EASY,base_f9609958bf,pdf_base,,
spam,Special deal for you. This is a limited time deal and you should act fast. Do not miss this opportunity.,OTHER,MALICIOUS,REAL_PUBLIC_DATA,EASY,base_d3092a0ba4,pdf_base,,
ham,Project update. We need to finalize the timeline before Friday. Looking forward to your response.,NONE,BENIGN,REAL_PUBLIC_DATA,EASY,base_90b995a5e7,pdf_base,,
ham,Appointment follow-up. We need to finalize the timeline before Friday. I appreciate your time.,NONE,BENIGN,REAL_PUBLIC_DATA,EASY,base_8f7e912d07,pdf_base,,
ham,Lunch plan. We need to finalize the timeline before Friday. Please reply when convenient.,NONE,BENIGN,REAL_PUBLIC_DATA,EASY,base_e7645c7503,pdf_base,,
ham,Class notes. Can you check this and reply when convenient? Thanks for your help.,NONE,BENIGN,REAL_PUBLIC_DATA,EASY,base_d8e43ebfaf,pdf_base,,
ham,Family plan. Please review the file and send your feedback when you are free. Looking forward to your response.,NONE,BENIGN,REAL_PUBLIC_DATA,EASY,base_f465030c99,pdf_base,,
ham,Project update. The meeting is scheduled for tomorrow afternoon in the office. Let me know if anything changes.,NONE,BENIGN,REAL_PUBLIC_DATA,EASY,base_2bbfa76cdc,pdf_base,,
spam,Verify your account today. Please confirm your details to receive your prize. Last chance.,OTHER,MALICIOUS,REAL_PUBLIC_DATA,EASY,base_ad6bf3da61,pdf_base,,
ham,Appointment follow-up. Can you check this and reply when convenient? Let me know if anything changes.,NONE,BENIGN,REAL_PUBLIC_DATA,EASY,base_973dbc30a7,pdf_base,,
ham,Appointment follow-up. I completed the task and shared the latest version for review. Thanks for your help.,NONE,BENIGN,REAL_PUBLIC_DATA,EASY,base_c57f79b627,pdf_base,,
ham,Class notes. Please confirm your availability for the appointment. Thanks for your help.,NONE,BENIGN,REAL_PUBLIC_DATA,EASY,base_064ae7e0da,pdf_base,,
ham,Meeting reminder. Please review the file and send your feedback when you are free. Please reply when convenient.,NONE,BENIGN,REAL_PUBLIC_DATA,EASY,base_d42e460a43,pdf_base,,
spam,"Congratulations you won. Do not miss this exclusive reward, claim it today. Do not miss this opportunity. .",OTHER,MALICIOUS,REAL_PUBLIC_DATA,EASY,base_d1c62beff6,pdf_base,,
ham,Lunch plan. Can you check this and reply when convenient? Looking forward to your response.,NONE,BENIGN,REAL_PUBLIC_DATA,EASY,base_756e1cad73,pdf_base,,
spam,Final notice payment needed. Click the link to claim your reward before it expires. Offer ends very soon.,OTHER,MALICIOUS,REAL_PUBLIC_DATA,EASY,base_c7032d326c,pdf_base,,
ham,Lunch plan. We need to finalize the timeline before Friday. Looking forward to your response.,NONE,BENIGN,REAL_PUBLIC_DATA,EASY,base_e7645c7503,pdf_base,,
spam,Claim your prize now. We detected unusual activity and need verification immediately. Offer ends very soon.,OTHER,MALICIOUS,REAL_PUBLIC_DATA,EASY,base_29f250525d,pdf_base,,
spam,Urgent account alert. Click the link to claim your reward before it expires. Last chance.,OTHER,MALICIOUS,REAL_PUBLIC_DATA,EASY,base_b01e766a3e,pdf_base,,
spam,"Urgent account alert. Your payment failed, update your information right away. Limited availability. .",OTHER,MALICIOUS,REAL_PUBLIC_DATA,EASY,base_b04388e51b,pdf_base,,
spam,Congratulations you won. Your account may be suspended unless you respond now. Limited availability.,OTHER,MALICIOUS,REAL_PUBLIC_DATA,EASY,base_927acfcec3,pdf_base,,
ham,Class notes. The order has been confirmed and details are attached below. Let me know if anything changes.,NONE,BENIGN,REAL_PUBLIC_DATA,EASY,base_062d1de3fc,pdf_base,,
ham,Order confirmation. Here are the notes for this week and the next steps. Let me know if anything changes.,NONE,BENIGN,REAL_PUBLIC_DATA,EASY,base_6499f73fc6,pdf_base,,
ham,Meeting reminder. Let us meet after class to discuss the assignment. Please reply when convenient.,NONE,BENIGN,REAL_PUBLIC_DATA,EASY,base_e1ab785dd3,pdf_base,,
spam,Urgent account alert. Your account may be suspended unless you respond now. Offer ends very soon.,OTHER,MALICIOUS,REAL_PUBLIC_DATA,EASY,base_6908092505,pdf_base,,
ham,Order confirmation. Here are the notes for this week and the next steps. Looking forward to your response.,NONE,BENIGN,REAL_PUBLIC_DATA,EASY,base_6499f73fc6,pdf_base,,
ham,Weekly schedule. Please review the file and send your feedback when you are free. Looking forward to your response.,NONE,BENIGN,REAL_PUBLIC_DATA,EASY,base_edcf204f92,pdf_base,,
ham,Class notes. Dinner is planned for Saturday evening at home. Looking forward to your response.,NONE,BENIGN,REAL_PUBLIC_DATA,EASY,base_a7e0de16f2,pdf_base,,
spam,Action required immediately. Unlock premium access with this one time opportunity. Limited availability.,OTHER,MALICIOUS,REAL_PUBLIC_DATA,EASY,base_ce3b3e6a9f,pdf_base,,
spam,"Action required immediately. Please confirm your details to receive your prize. No reply is needed, act now. .",OTHER,MALICIOUS,REAL_PUBLIC_DATA,EASY,base_90a8f54a24,pdf_base,,
spam,"Action required immediately. This is a limited time deal and you should act fast. No reply is needed, act now. .",OTHER,MALICIOUS,REAL_PUBLIC_DATA,EASY,base_e533d92e2e,pdf_base,,
ham,Meeting reminder. The order has been confirmed and details are attached below. Let me know if anything changes.,NONE,BENIGN,REAL_PUBLIC_DATA,EASY,base_5c73080290,pdf_base,,
ham,Team discussion. The order has been confirmed and details are attached below. Let me know if anything changes.,NONE,BENIGN,REAL_PUBLIC_DATA,EASY,base_e0f134ccd2,pdf_base,,
spam,"Final notice payment needed. You have been selected for a special bonus offer. No reply is needed, act now. .",OTHER,MALICIOUS,REAL_PUBLIC_DATA,EASY,base_e535d3b91f,pdf_base,,
ham,Homework question. Please confirm your availability for the appointment. Looking forward to your response.,NONE,BENIGN,REAL_PUBLIC_DATA,EASY,base_700b2de8fa,pdf_base,,
ham,Homework question. The order has been confirmed and details are attached below. I appreciate your time.,NONE,BENIGN,REAL_PUBLIC_DATA,EASY,base_5ecdebe504,pdf_base,,
ham,Homework question. The meeting is scheduled for tomorrow afternoon in the office. Thanks for your help.,NONE,BENIGN,REAL_PUBLIC_DATA,EASY,base_8da6ee010e,pdf_base,,
spam,Special deal for you. We detected unusual activity and need verification immediately. Last chance.,OTHER,MALICIOUS,REAL_PUBLIC_DATA,EASY,base_f9609958bf,pdf_base,,
ham,Project update. Please review the file and send your feedback when you are free. Please reply when convenient.,NONE,BENIGN,REAL_PUBLIC_DATA,EASY,base_d1a4bd9179,pdf_base,,
spam,"Exclusive bonus inside. This is a limited time deal and you should act fast. No reply is needed, act now. .",OTHER,MALICIOUS,REAL_PUBLIC_DATA,EASY,base_54a874b5b1,pdf_base,,
spam,"Verify your account today. Unlock premium access with this one time opportunity. No reply is needed, act now. .",OTHER,MALICIOUS,REAL_PUBLIC_DATA,EASY,base_9e5b784cdf,pdf_base,,
spam,"Claim your prize now. Your account may be suspended unless you respond now. No reply is needed, act now. .",OTHER,MALICIOUS,REAL_PUBLIC_DATA,EASY,base_92d228faa7,pdf_base,,
spam,Free gift waiting. We detected unusual activity and need verification immediately. Limited availability.,OTHER,MALICIOUS,REAL_PUBLIC_DATA,EASY,base_e1365e7ce5,pdf_base,,
ham,Homework question. Can you check this and reply when convenient? Please reply when convenient.,NONE,BENIGN,REAL_PUBLIC_DATA,EASY,base_427de17674,pdf_base,,
spam,"Final notice payment needed. Your account may be suspended unless you respond now. No reply is needed, act now. .",OTHER,MALICIOUS,REAL_PUBLIC_DATA,EASY,base_644d49db52,pdf_base,,
ham,Order confirmation. Let us meet after class to discuss the assignment. Please reply when convenient.,NONE,BENIGN,REAL_PUBLIC_DATA,EASY,base_b90c718c02,pdf_base,,
ham,Lunch plan. I completed the task and shared the latest version for review. Let me know if anything changes.,NONE,BENIGN,REAL_PUBLIC_DATA,EASY,base_72245da441,pdf_base,,
spam,"Free gift waiting. Do not miss this exclusive reward, claim it today. No reply is needed, act now. .",OTHER,MALICIOUS,REAL_PUBLIC_DATA,EASY,base_81f49dadec,pdf_base,,
spam,"Special deal for you. This offer expires soon, so take action now. No reply is needed, act now. .",OTHER,MALICIOUS,REAL_PUBLIC_DATA,EASY,base_f2c9f0a9dc,pdf_base,,
ham,Weekly schedule. Let us meet after class to discuss the assignment. Please reply when convenient.,NONE,BENIGN,REAL_PUBLIC_DATA,EASY,base_b7aa441f7f,pdf_base,,
spam,Exclusive bonus inside. Unlock premium access with this one time opportunity. Limited availability.,OTHER,MALICIOUS,REAL_PUBLIC_DATA,EASY,base_e37c200737,pdf_base,,
ham,Order confirmation. Please review the file and send your feedback when you are free. Let me know if anything changes.,NONE,BENIGN,REAL_PUBLIC_DATA,EASY,base_9a32f00866,pdf_base,,
spam,"Urgent account alert. Do not miss this exclusive reward, claim it today. No reply is needed, act now. .",OTHER,MALICIOUS,REAL_PUBLIC_DATA,EASY,base_0ded7c7d6b,pdf_base,,
ham,Meeting reminder. Please review the file and send your feedback when you are free. Let me know if anything changes.,NONE,BENIGN,REAL_PUBLIC_DATA,EASY,base_d42e460a43,pdf_base,,
ham,Family plan. Here are the notes for this week and the next steps. Thanks for your help.,NONE,BENIGN,REAL_PUBLIC_DATA,EASY,base_7ec827f283,pdf_base,,
spam,"Congratulations you won. This offer expires soon, so take action now. Offer ends very soon. .",OTHER,MALICIOUS,REAL_PUBLIC_DATA,EASY,base_bee4201eab,pdf_base,,
ham,Team discussion. Can you check this and reply when convenient? Please reply when convenient.,NONE,BENIGN,REAL_PUBLIC_DATA,EASY,base_9ecca20bd4,pdf_base,,
spam,Free gift waiting. Your account may be suspended unless you respond now. Offer ends very soon.,OTHER,MALICIOUS,REAL_PUBLIC_DATA,EASY,base_f052ea2659,pdf_base,,
ham,Family plan. I completed the task and shared the latest version for review. I appreciate your time.,NONE,BENIGN,REAL_PUBLIC_DATA,EASY,base_4375b86850,pdf_base,,
spam,Claim your prize now. This is a limited time deal and you should act fast. Limited availability.,OTHER,MALICIOUS,REAL_PUBLIC_DATA,EASY,base_16c5c7e683,pdf_base,,
ham,Project update. Dinner is planned for Saturday evening at home. I appreciate your time.,NONE,BENIGN,REAL_PUBLIC_DATA,EASY,base_0e3d15303a,pdf_base,,
ham,Order confirmation. Please confirm your availability for the appointment. Thanks for your help.,NONE,BENIGN,REAL_PUBLIC_DATA,EASY,base_3d1852c39c,pdf_base,,
ham,Weekly schedule. Please review the file and send your feedback when you are free. Please reply when convenient.,NONE,BENIGN,REAL_PUBLIC_DATA,EASY,base_edcf204f92,pdf_base,,
ham,Meeting reminder. Please review the file and send your feedback when you are free. I appreciate your time.,NONE,BENIGN,REAL_PUBLIC_DATA,EASY,base_d42e460a43,pdf_base,,
ham,Lunch plan. Can you check this and reply when convenient? Please reply when convenient.,NONE,BENIGN,REAL_PUBLIC_DATA,EASY,base_3e1c1d5f9a,pdf_base,,
spam,Claim your prize now. We detected unusual activity and need verification immediately. Limited availability.,OTHER,MALICIOUS,REAL_PUBLIC_DATA,EASY,base_29f250525d,pdf_base,,
ham,Homework question. Let us meet after class to discuss the assignment. Looking forward to your response.,NONE,BENIGN,REAL_PUBLIC_DATA,EASY,base_70d09df228,pdf_base,,
spam,"Urgent account alert. Please confirm your details to receive your prize. No reply is needed, act now. .",OTHER,MALICIOUS,REAL_PUBLIC_DATA,EASY,base_99ae762528,pdf_base,,
ham,Family plan. I completed the task and shared the latest version for review. Please reply when convenient.,NONE,BENIGN,REAL_PUBLIC_DATA,EASY,base_4375b86850,pdf_base,,
spam,"Limited time offer. This offer expires soon, so take action now. Do not miss this opportunity. .",OTHER,MALICIOUS,REAL_PUBLIC_DATA,EASY,base_8e43a9ceba,pdf_base,,
ham,Weekly schedule. The meeting is scheduled for tomorrow afternoon in the office. I appreciate your time.,NONE,BENIGN,REAL_PUBLIC_DATA,EASY,base_9b6206e2f1,pdf_base,,
spam,"Verify your account today. We detected unusual activity and need verification immediately. No reply is needed, act now. .",OTHER,MALICIOUS,REAL_PUBLIC_DATA,EASY,base_2fa60f6d8d,pdf_base,,
ham,Team discussion. Here are the notes for this week and the next steps. Looking forward to your response.,NONE,BENIGN,REAL_PUBLIC_DATA,EASY,base_571ba090b0,pdf_base,,
ham,Team discussion. Please review the file and send your feedback when you are free. Looking forward to your response.,NONE,BENIGN,REAL_PUBLIC_DATA,EASY,base_56a8cacdad,pdf_base,,
spam,"Claim your prize now. Click the link to claim your reward before it expires. No reply is needed, act now. .",OTHER,MALICIOUS,REAL_PUBLIC_DATA,EASY,base_5079327eb5,pdf_base,,
spam,Verify your account today. Unlock premium access with this one time opportunity. Offer ends very soon.,OTHER,MALICIOUS,REAL_PUBLIC_DATA,EASY,base_9e5b784cdf,pdf_base,,
spam,Final notice payment needed. Your account may be suspended unless you respond now. Limited availability.,OTHER,MALICIOUS,REAL_PUBLIC_DATA,EASY,base_644d49db52,pdf_base,,
spam,Free gift waiting. This is a limited time deal and you should act fast. Last chance.,OTHER,MALICIOUS,REAL_PUBLIC_DATA,EASY,base_72c2e6d6c5,pdf_base,,
ham,Class notes. Please confirm your availability for the appointment. Looking forward to your response.,NONE,BENIGN,REAL_PUBLIC_DATA,EASY,base_064ae7e0da,pdf_base,,
ham,Family plan. Please review the file and send your feedback when you are free. Thanks for your help.,NONE,BENIGN,REAL_PUBLIC_DATA,EASY,base_f465030c99,pdf_base,,
spam,Exclusive bonus inside. We detected unusual activity and need verification immediately. Offer ends very soon.,OTHER,MALICIOUS,REAL_PUBLIC_DATA,EASY,base_71e0658e4f,pdf_base,,
spam,"Urgent account alert. Unlock premium access with this one time opportunity. No reply is needed, act now. .",OTHER,MALICIOUS,REAL_PUBLIC_DATA,EASY,base_59ee32e793,pdf_base,,
ham,Family plan. I completed the task and shared the latest version for review. Let me know if anything changes.,NONE,BENIGN,REAL_PUBLIC_DATA,EASY,base_4375b86850,pdf_base,,
spam,"Special deal for you. Do not miss this exclusive reward, claim it today. Last chance. .",OTHER,MALICIOUS,REAL_PUBLIC_DATA,EASY,base_054a1b3f3f,pdf_base,,
ham,Homework question. Please confirm your availability for the appointment. Please reply when convenient.,NONE,BENIGN,REAL_PUBLIC_DATA,EASY,base_700b2de8fa,pdf_base,,
spam,Claim your prize now. Unlock premium access with this one time opportunity. Do not miss this opportunity.,OTHER,MALICIOUS,REAL_PUBLIC_DATA,EASY,base_fea64f7fd5,pdf_base,,
ham,Family plan. Can you check this and reply when convenient? Please reply when convenient.,NONE,BENIGN,REAL_PUBLIC_DATA,EASY,base_8b6afeb341,pdf_base,,
spam,"Verify your account today. This is a limited time deal and you should act fast. No reply is needed, act now. .",OTHER,MALICIOUS,REAL_PUBLIC_DATA,EASY,base_0e9093c23c,pdf_base,,
spam,Urgent account alert. Your account may be suspended unless you respond now. Last chance.,OTHER,MALICIOUS,REAL_PUBLIC_DATA,EASY,base_6908092505,pdf_base,,
spam,"Limited time offer. You have been selected for a special bonus offer. No reply is needed, act now. .",OTHER,MALICIOUS,REAL_PUBLIC_DATA,EASY,base_30963791f7,pdf_base,,
ham,Appointment follow-up. The meeting is scheduled for tomorrow afternoon in the office. Thanks for your help.,NONE,BENIGN,REAL_PUBLIC_DATA,EASY,base_79130e3dd7,pdf_base,,
spam,"Action required immediately. This offer expires soon, so take action now. Last chance. .",OTHER,MALICIOUS,REAL_PUBLIC_DATA,EASY,base_2010ab785e,pdf_base,,
spam,"Action required immediately. This offer expires soon, so take action now. Offer ends very soon. .",OTHER,MALICIOUS,REAL_PUBLIC_DATA,EASY,base_2010ab785e,pdf_base,,
spam,"Final notice payment needed. Do not miss this exclusive reward, claim it today. No reply is needed, act now. .",OTHER,MALICIOUS,REAL_PUBLIC_DATA,EASY,base_92e7552609,pdf_base,,
ham,Meeting reminder. Can you check this and reply when convenient? Thanks for your help.,NONE,BENIGN,REAL_PUBLIC_DATA,EASY,base_f6db5c5a44,pdf_base,,
ham,Team discussion. Dinner is planned for Saturday evening at home. Looking forward to your response.,NONE,BENIGN,REAL_PUBLIC_DATA,EASY,base_a9c495cd51,pdf_base,,
spam,Special deal for you. Unlock premium access with this one time opportunity. Offer ends very soon.,OTHER,MALICIOUS,REAL_PUBLIC_DATA,EASY,base_92ba2c1362,pdf_base,,
spam,Exclusive bonus inside. You have been selected for a special bonus offer. Offer ends very soon.,OTHER,MALICIOUS,REAL_PUBLIC_DATA,EASY,base_22bd2a2901,pdf_base,,
spam,Action required immediately. We detected unusual activity and need verification immediately. Limited availability.,OTHER,MALICIOUS,REAL_PUBLIC_DATA,EASY,base_2506042839,pdf_base,,
ham,Team discussion. I completed the task and shared the latest version for review. Please reply when convenient.,NONE,BENIGN,REAL_PUBLIC_DATA,EASY,base_e12ba16882,pdf_base,,
spam,"Free gift waiting. Your payment failed, update your information right away. No reply is needed, act now. .",OTHER,MALICIOUS,REAL_PUBLIC_DATA,EASY,base_f658a17c3b,pdf_base,,
ham,Class notes. Please review the file and send your feedback when you are free. Looking forward to your response.,NONE,BENIGN,REAL_PUBLIC_DATA,EASY,base_03fb4b217a,pdf_base,,
spam,"Free gift waiting. This offer expires soon, so take action now. Do not miss this opportunity. .",OTHER,MALICIOUS,REAL_PUBLIC_DATA,EASY,base_978050d4dc,pdf_base,,
ham,Weekly schedule. The order has been confirmed and details are attached below. Please reply when convenient.,NONE,BENIGN,REAL_PUBLIC_DATA,EASY,base_40d7ee88d9,pdf_base,,
ham,Homework question. We need to finalize the timeline before Friday. I appreciate your time.,NONE,BENIGN,REAL_PUBLIC_DATA,EASY,base_7ef0660807,pdf_base,,
spam,"Final notice payment needed. This offer expires soon, so take action now. Last chance. .",OTHER,MALICIOUS,REAL_PUBLIC_DATA,EASY,base_09c5ed62a4,pdf_base,,
spam,"Limited time offer. Your payment failed, update your information right away. No reply is needed, act now. .",OTHER,MALICIOUS,REAL_PUBLIC_DATA,EASY,base_f4f1f38ae9,pdf_base,,
spam,Exclusive bonus inside. Your account may be suspended unless you respond now. Do not miss this opportunity.,OTHER,MALICIOUS,REAL_PUBLIC_DATA,EASY,base_432012d4e3,pdf_base,,
spam,"Special deal for you. Your payment failed, update your information right away. Do not miss this opportunity. .",OTHER,MALICIOUS,REAL_PUBLIC_DATA,EASY,base_2c0d051737,pdf_base,,
ham,Meeting reminder. Please confirm your availability for the appointment. Thanks for your help.,NONE,BENIGN,REAL_PUBLIC_DATA,EASY,base_a78344f60d,pdf_base,,
ham,Meeting reminder. I completed the task and shared the latest version for review. Please reply when convenient.,NONE,BENIGN,REAL_PUBLIC_DATA,EASY,base_5e14875f57,pdf_base,,
ham,Class notes. The meeting is scheduled for tomorrow afternoon in the office. Looking forward to your response.,NONE,BENIGN,REAL_PUBLIC_DATA,EASY,base_601c01a592,pdf_base,,
ham,Lunch plan. Can you check this and reply when convenient? Let me know if anything changes.,NONE,BENIGN,REAL_PUBLIC_DATA,EASY,base_1f0e82cdd2,pdf_base,,
spam,"Verify your account today. Do not miss this exclusive reward, claim it today. No reply is needed, act now. .",OTHER,MALICIOUS,REAL_PUBLIC_DATA,EASY,base_efad615d26,pdf_base,,
ham,Weekly schedule. The order has been confirmed and details are attached below. Looking forward to your response.,NONE,BENIGN,REAL_PUBLIC_DATA,EASY,base_40d7ee88d9,pdf_base,,
ham,Team discussion. Let us meet after class to discuss the assignment. Thanks for your help.,NONE,BENIGN,REAL_PUBLIC_DATA,EASY,base_f9befeacd6,pdf_base,,
spam,Verify your account today. Your account may be suspended unless you respond now. Offer ends very soon.,OTHER,MALICIOUS,REAL_PUBLIC_DATA,EASY,base_8e5ad4f27e,pdf_base,,
ham,Weekly schedule. We need to finalize the timeline before Friday. I appreciate your time.,NONE,BENIGN,REAL_PUBLIC_DATA,EASY,base_0221a2d016,pdf_base,,
spam,Special deal for you. This is a limited time deal and you should act fast. Offer ends very soon.,OTHER,MALICIOUS,REAL_PUBLIC_DATA,EASY,base_d3092a0ba4,pdf_base,,
ham,Meeting reminder. Here are the notes for this week and the next steps. Please reply when convenient.,NONE,BENIGN,REAL_PUBLIC_DATA,EASY,base_7f36cb22e3,pdf_base,,
ham,Lunch plan. Can you check this and reply when convenient? I appreciate your time.,NONE,BENIGN,REAL_PUBLIC_DATA,EASY,base_8116331ec8,pdf_base,,
ham,Project update. We need to finalize the timeline before Friday. Thanks for your help.,NONE,BENIGN,REAL_PUBLIC_DATA,EASY,base_90b995a5e7,pdf_base,,
ham,Order confirmation. Here are the notes for this week and the next steps. I appreciate your time.,NONE,BENIGN,REAL_PUBLIC_DATA,EASY,base_6499f73fc6,pdf_base,,
ham,Order confirmation. I completed the task and shared the latest version for review. Let me know if anything changes.,NONE,BENIGN,REAL_PUBLIC_DATA,EASY,base_487c1df9fd,pdf_base,,
ham,Appointment follow-up. Here are the notes for this week and the next steps. Thanks for your help.,NONE,BENIGN,REAL_PUBLIC_DATA,EASY,base_6ef9a16161,pdf_base,,
ham,Team discussion. Please review the file and send your feedback when you are free. I appreciate your time.,NONE,BENIGN,REAL_PUBLIC_DATA,EASY,base_56a8cacdad,pdf_base,,
spam,"Final notice payment needed. Unlock premium access with this one time opportunity. No reply is needed, act now. .",OTHER,MALICIOUS,REAL_PUBLIC_DATA,EASY,base_8b7614b8c9,pdf_base,,
ham,Class notes. Dinner is planned for Saturday evening at home. Please reply when convenient.,NONE,BENIGN,REAL_PUBLIC_DATA,EASY,base_a7e0de16f2,pdf_base,,
spam,"Claim your prize now. This offer expires soon, so take action now. Limited availability. .",OTHER,MALICIOUS,REAL_PUBLIC_DATA,EASY,base_a2694f9a4a,pdf_base,,
ham,Team discussion. Can you check this and reply when convenient? Looking forward to your response.,NONE,BENIGN,REAL_PUBLIC_DATA,EASY,base_9ecca20bd4,pdf_base,,
spam,Action required immediately. Your account may be suspended unless you respond now. Offer ends very soon.,OTHER,MALICIOUS,REAL_PUBLIC_DATA,EASY,base_a9e64b8341,pdf_base,,
ham,Family plan. The order has been confirmed and details are attached below. Looking forward to your response.,NONE,BENIGN,REAL_PUBLIC_DATA,EASY,base_4d05a18243,pdf_base,,
spam,Special deal for you. Your account may be suspended unless you respond now. Do not miss this opportunity.,OTHER,MALICIOUS,REAL_PUBLIC_DATA,EASY,base_df1c2d577b,pdf_base,,
ham,Homework question. I completed the task and shared the latest version for review. Please reply when convenient.,NONE,BENIGN,REAL_PUBLIC_DATA,EASY,base_ced46c96f0,pdf_base,,
ham,Order confirmation. Let us meet after class to discuss the assignment. Let me know if anything changes.,NONE,BENIGN,REAL_PUBLIC_DATA,EASY,base_b90c718c02,pdf_base,,
spam,Congratulations you won. You have been selected for a special bonus offer. Offer ends very soon.,OTHER,MALICIOUS,REAL_PUBLIC_DATA,EASY,base_913643b01f,pdf_base,,
spam,Action required immediately. Unlock premium access with this one time opportunity. Last chance.,OTHER,MALICIOUS,REAL_PUBLIC_DATA,EASY,base_ce3b3e6a9f,pdf_base,,
ham,Appointment follow-up. Can you check this and reply when convenient? I appreciate your time.,NONE,BENIGN,REAL_PUBLIC_DATA,EASY,base_973dbc30a7,pdf_base,,
spam,"Claim your prize now. Do not miss this exclusive reward, claim it today. Last chance. .",OTHER,MALICIOUS,REAL_PUBLIC_DATA,EASY,base_fd2b85371d,pdf_base,,
spam,Action required immediately. This is a limited time deal and you should act fast. Do not miss this opportunity.,OTHER,MALICIOUS,REAL_PUBLIC_DATA,EASY,base_e533d92e2e,pdf_base,,
spam,Limited time offer. Click the link to claim your reward before it expires. Offer ends very soon.,OTHER,MALICIOUS,REAL_PUBLIC_DATA,EASY,base_7bd92d3763,pdf_base,,
ham,Family plan. We need to finalize the timeline before Friday. Please reply when convenient.,NONE,BENIGN,REAL_PUBLIC_DATA,EASY,base_0a5f27c8e5,pdf_base,,
ham,Project update. Let us meet after class to discuss the assignment. Please reply when convenient.,NONE,BENIGN,REAL_PUBLIC_DATA,EASY,base_966dbadf43,pdf_base,,
ham,Homework question. Let us meet after class to discuss the assignment. Let me know if anything changes.,NONE,BENIGN,REAL_PUBLIC_DATA,EASY,base_70d09df228,pdf_base,,
ham,Homework question. The meeting is scheduled for tomorrow afternoon in the office. Let me know if anything changes.,NONE,BENIGN,REAL_PUBLIC_DATA,EASY,base_8da6ee010e,pdf_base,,
spam,"Limited time offer. Do not miss this exclusive reward, claim it today. Offer ends very soon. .",OTHER,MALICIOUS,REAL_PUBLIC_DATA,EASY,base_a78c1035e8,pdf_base,,
spam,Claim your prize now. You have been selected for a special bonus offer. Offer ends very soon.,OTHER,MALICIOUS,REAL_PUBLIC_DATA,EASY,base_d7df491d96,pdf_base,,
spam,Claim your prize now. You have been selected for a special bonus offer. Last chance.,OTHER,MALICIOUS,REAL_PUBLIC_DATA,EASY,base_d7df491d96,pdf_base,,
ham,Weekly schedule. Here are the notes for this week and the next steps. Please reply when convenient.,NONE,BENIGN,REAL_PUBLIC_DATA,EASY,base_baf3f2b4e8,pdf_base,,
spam,Special deal for you. We detected unusual activity and need verification immediately. Limited availability.,OTHER,MALICIOUS,REAL_PUBLIC_DATA,EASY,base_f9609958bf,pdf_base,,
spam,"Congratulations you won. Your payment failed, update your information right away. No reply is needed, act now. .",OTHER,MALICIOUS,REAL_PUBLIC_DATA,EASY,base_89e26da4e5,pdf_base,,
ham,Meeting reminder. We need to finalize the timeline before Friday. Let me know if anything changes.,NONE,BENIGN,REAL_PUBLIC_DATA,EASY,base_09980ca7a2,pdf_base,,
ham,Order confirmation. We need to finalize the timeline before Friday. Please reply when convenient.,NONE,BENIGN,REAL_PUBLIC_DATA,EASY,base_6be5602792,pdf_base,,
ham,Order confirmation. Dinner is planned for Saturday evening at home. Let me know if anything changes.,NONE,BENIGN,REAL_PUBLIC_DATA,EASY,base_5506bd6a8f,pdf_base,,
ham,Class notes. Please confirm your availability for the appointment. I appreciate your time.,NONE,BENIGN,REAL_PUBLIC_DATA,EASY,base_064ae7e0da,pdf_base,,
spam,"Free gift waiting. Your account may be suspended unless you respond now. No reply is needed, act now. .",OTHER,MALICIOUS,REAL_PUBLIC_DATA,EASY,base_f052ea2659,pdf_base,,
spam,Action required immediately. Please confirm your details to receive your prize. Limited availability.,OTHER,MALICIOUS,REAL_PUBLIC_DATA,EASY,base_90a8f54a24,pdf_base,,
spam,Special deal for you. Your account may be suspended unless you respond now. Limited availability.,OTHER,MALICIOUS,REAL_PUBLIC_DATA,EASY,base_df1c2d577b,pdf_base,,
spam,Exclusive bonus inside. Your account may be suspended unless you respond now. Offer ends very soon.,OTHER,MALICIOUS,REAL_PUBLIC_DATA,EASY,base_432012d4e3,pdf_base,,
spam,"Final notice payment needed. Do not miss this exclusive reward, claim it today. Offer ends very soon. .",OTHER,MALICIOUS,REAL_PUBLIC_DATA,EASY,base_92e7552609,pdf_base,,
spam,"Congratulations you won. We detected unusual activity and need verification immediately. No reply is needed, act now. .",OTHER,MALICIOUS,REAL_PUBLIC_DATA,EASY,base_e5906419e9,pdf_base,,
ham,Class notes. Dinner is planned for Saturday evening at home. I appreciate your time.,NONE,BENIGN,REAL_PUBLIC_DATA,EASY,base_a7e0de16f2,pdf_base,,
ham,Lunch plan. Please confirm your availability for the appointment. Please reply when convenient.,NONE,BENIGN,REAL_PUBLIC_DATA,EASY,base_6f0424c4b8,pdf_base,,
ham,Class notes. Please confirm your availability for the appointment. Let me know if anything changes.,NONE,BENIGN,REAL_PUBLIC_DATA,EASY,base_064ae7e0da,pdf_base,,
ham,Class notes. Here are the notes for this week and the next steps. I appreciate your time.,NONE,BENIGN,REAL_PUBLIC_DATA,EASY,base_6a594a0ba0,pdf_base,,
ham,Meeting reminder. I completed the task and shared the latest version for review. Let me know if anything changes.,NONE,BENIGN,REAL_PUBLIC_DATA,EASY,base_5e14875f57,pdf_base,,
ham,Weekly schedule. I completed the task and shared the latest version for review. I appreciate your time.,NONE,BENIGN,REAL_PUBLIC_DATA,EASY,base_7e6b85622e,pdf_base,,
spam,"Final notice payment needed. This is a limited time deal and you should act fast. No reply is needed, act now. .",OTHER,MALICIOUS,REAL_PUBLIC_DATA,EASY,base_75d77e6129,pdf_base,,
ham,Project update. We need to finalize the timeline before Friday. I appreciate your time.,NONE,BENIGN,REAL_PUBLIC_DATA,EASY,base_90b995a5e7,pdf_base,,
ham,Family plan. The meeting is scheduled for tomorrow afternoon in the office. Thanks for your help.,NONE,BENIGN,REAL_PUBLIC_DATA,EASY,base_4215f80fdb,pdf_base,,
spam,Claim your prize now. Unlock premium access with this one time opportunity. Last chance.,OTHER,MALICIOUS,REAL_PUBLIC_DATA,EASY,base_fea64f7fd5,pdf_base,,
spam,"Limited time offer. This is a limited time deal and you should act fast. No reply is needed, act now. .",OTHER,MALICIOUS,REAL_PUBLIC_DATA,EASY,base_033c6a9225,pdf_base,,
spam,Congratulations you won. This is a limited time deal and you should act fast. Limited availability.,OTHER,MALICIOUS,REAL_PUBLIC_DATA,EASY,base_369179dbb6,pdf_base,,
ham,Appointment follow-up. We need to finalize the timeline before Friday. Let me know if anything changes.,NONE,BENIGN,REAL_PUBLIC_DATA,EASY,base_8f7e912d07,pdf_base,,
spam,Congratulations you won. This is a limited time deal and you should act fast. Do not miss this opportunity.,OTHER,MALICIOUS,REAL_PUBLIC_DATA,EASY,base_369179dbb6,pdf_base,,
ham,Meeting reminder. Here are the notes for this week and the next steps. Let me know if anything changes.,NONE,BENIGN,REAL_PUBLIC_DATA,EASY,base_7f36cb22e3,pdf_base,,
ham,Class notes. Can you check this and reply when convenient? Please reply when convenient.,NONE,BENIGN,REAL_PUBLIC_DATA,EASY,base_7e93a40432,pdf_base,,
spam,Congratulations you won. Please confirm your details to receive your prize. Limited availability.,OTHER,MALICIOUS,REAL_PUBLIC_DATA,EASY,base_51451c14a8,pdf_base,,
spam,Action required immediately. Your account may be suspended unless you respond now. Limited availability.,OTHER,MALICIOUS,REAL_PUBLIC_DATA,EASY,base_a9e64b8341,pdf_base,,
spam,Claim your prize now. We detected unusual activity and need verification immediately. Last chance.,OTHER,MALICIOUS,REAL_PUBLIC_DATA,EASY,base_29f250525d,pdf_base,,
spam,Special deal for you. We detected unusual activity and need verification immediately. Do not miss this opportunity.,OTHER,MALICIOUS,REAL_PUBLIC_DATA,EASY,base_f9609958bf,pdf_base,,
spam,Final notice payment needed. We detected unusual activity and need verification immediately. Limited availability.,OTHER,MALICIOUS,REAL_PUBLIC_DATA,EASY,base_2bffd7f708,pdf_base,,
ham,Family plan. Dinner is planned for Saturday evening at home. Please reply when convenient.,NONE,BENIGN,REAL_PUBLIC_DATA,EASY,base_6b8cce8a1d,pdf_base,,
ham,Project update. Here are the notes for this week and the next steps. I appreciate your time.,NONE,BENIGN,REAL_PUBLIC_DATA,EASY,base_d1ac38b1ce,pdf_base,,
ham,Lunch plan. Let us meet after class to discuss the assignment. Thanks for your help.,NONE,BENIGN,REAL_PUBLIC_DATA,EASY,base_5218940fbf,pdf_base,,
spam,"Free gift waiting. You have been selected for a special bonus offer. No reply is needed, act now. .",OTHER,MALICIOUS,REAL_PUBLIC_DATA,EASY,base_50244dc35b,pdf_base,,
ham,Class notes. Let us meet after class to discuss the assignment. Looking forward to your response.,NONE,BENIGN,REAL_PUBLIC_DATA,EASY,base_e18caabf79,pdf_base,,
spam,"Verify your account today. This offer expires soon, so take action now. Offer ends very soon. .",OTHER,MALICIOUS,REAL_PUBLIC_DATA,EASY,base_980cacb8b4,pdf_base,,
spam,Claim your prize now. You have been selected for a special bonus offer. Limited availability.,OTHER,MALICIOUS,REAL_PUBLIC_DATA,EASY,base_d7df491d96,pdf_base,,
spam,Urgent account alert. Please confirm your details to receive your prize. Last chance.,OTHER,MALICIOUS,REAL_PUBLIC_DATA,EASY,base_99ae762528,pdf_base,,
spam,Urgent account alert. Please confirm your details to receive your prize. Offer ends very soon.,OTHER,MALICIOUS,REAL_PUBLIC_DATA,EASY,base_99ae762528,pdf_base,,
ham,Appointment follow-up. Dinner is planned for Saturday evening at home. Please reply when convenient.,NONE,BENIGN,REAL_PUBLIC_DATA,EASY,base_38d6292b48,pdf_base,,
spam,Verify your account today. We detected unusual activity and need verification immediately. Limited availability.,OTHER,MALICIOUS,REAL_PUBLIC_DATA,EASY,base_2fa60f6d8d,pdf_base,,
ham,Meeting reminder. We need to finalize the timeline before Friday. Please reply when convenient.,NONE,BENIGN,REAL_PUBLIC_DATA,EASY,base_09980ca7a2,pdf_base,,
spam,Free gift waiting. Unlock premium access with this one time opportunity. Limited availability.,OTHER,MALICIOUS,REAL_PUBLIC_DATA,EASY,base_ddd7b1f618,pdf_base,,
spam,Exclusive bonus inside. This is a limited time deal and you should act fast. Limited availability.,OTHER,MALICIOUS,REAL_PUBLIC_DATA,EASY,base_54a874b5b1,pdf_base,,
ham,Weekly schedule. Can you check this and reply when convenient? Please reply when convenient.,NONE,BENIGN,REAL_PUBLIC_DATA,EASY,base_58161f811d,pdf_base,,
spam,"Urgent account alert. You have been selected for a special bonus offer. No reply is needed, act now. .",OTHER,MALICIOUS,REAL_PUBLIC_DATA,EASY,base_a75a779c5c,pdf_base,,
spam,"Special deal for you. Your account may be suspended unless you respond now. No reply is needed, act now. .",OTHER,MALICIOUS,REAL_PUBLIC_DATA,EASY,base_df1c2d577b,pdf_base,,
spam,Free gift waiting. Please confirm your details to receive your prize. Do not miss this opportunity.,OTHER,MALICIOUS,REAL_PUBLIC_DATA,EASY,base_2723e0bd75,pdf_base,,
spam,"Urgent account alert. We detected unusual activity and need verification immediately. No reply is needed, act now. .",OTHER,MALICIOUS,REAL_PUBLIC_DATA,EASY,base_338c5c4fd5,pdf_base,,
ham,Project update. The order has been confirmed and details are attached below. Looking forward to your response.,NONE,BENIGN,REAL_PUBLIC_DATA,EASY,base_2b0c4ccb63,pdf_base,,
ham,Family plan. The meeting is scheduled for tomorrow afternoon in the office. Let me know if anything changes.,NONE,BENIGN,REAL_PUBLIC_DATA,EASY,base_4215f80fdb,pdf_base,,
ham,Weekly schedule. We need to finalize the timeline before Friday. Please reply when convenient.,NONE,BENIGN,REAL_PUBLIC_DATA,EASY,base_0221a2d016,pdf_base,,
ham,Team discussion. I completed the task and shared the latest version for review. Thanks for your help.,NONE,BENIGN,REAL_PUBLIC_DATA,EASY,base_e12ba16882,pdf_base,,
spam,Limited time offer. Unlock premium access with this one time opportunity. Do not miss this opportunity.,OTHER,MALICIOUS,REAL_PUBLIC_DATA,EASY,base_9af1f8807c,pdf_base,,
spam,Verify your account today. Your account may be suspended unless you respond now. Do not miss this opportunity.,OTHER,MALICIOUS,REAL_PUBLIC_DATA,EASY,base_8e5ad4f27e,pdf_base,,
spam,Claim your prize now. This is a limited time deal and you should act fast. Do not miss this opportunity.,OTHER,MALICIOUS,REAL_PUBLIC_DATA,EASY,base_16c5c7e683,pdf_base,,
spam,Special deal for you. You have been selected for a special bonus offer. Limited availability.,OTHER,MALICIOUS,REAL_PUBLIC_DATA,EASY,base_9f7a87258e,pdf_base,,
spam,"Claim your prize now. Unlock premium access with this one time opportunity. No reply is needed, act now. .",OTHER,MALICIOUS,REAL_PUBLIC_DATA,EASY,base_fea64f7fd5,pdf_base,,
spam,"Limited time offer. Your payment failed, update your information right away. Last chance. .",OTHER,MALICIOUS,REAL_PUBLIC_DATA,EASY,base_f4f1f38ae9,pdf_base,,
ham,Family plan. We need to finalize the timeline before Friday. I appreciate your time.,NONE,BENIGN,REAL_PUBLIC_DATA,EASY,base_0a5f27c8e5,pdf_base,,
ham,Order confirmation. We need to finalize the timeline before Friday. I appreciate your time.,NONE,BENIGN,REAL_PUBLIC_DATA,EASY,base_6be5602792,pdf_base,,
ham,Appointment follow-up. Please confirm your availability for the appointment. I appreciate your time.,NONE,BENIGN,REAL_PUBLIC_DATA,EASY,base_5d5108dfeb,pdf_base,,
spam,"Final notice payment needed. Do not miss this exclusive reward, claim it today. Last chance. .",OTHER,MALICIOUS,REAL_PUBLIC_DATA,EASY,base_92e7552609,pdf_base,,
spam,"Special deal for you. Do not miss this exclusive reward, claim it today. Offer ends very soon. .",OTHER,MALICIOUS,REAL_PUBLIC_DATA,EASY,base_054a1b3f3f,pdf_base,,
spam,"Free gift waiting. This is a limited time deal and you should act fast. No reply is needed, act now. .",OTHER,MALICIOUS,REAL_PUBLIC_DATA,EASY,base_72c2e6d6c5,pdf_base,,
ham,Project update. Please review the file and send your feedback when you are free. Let me know if anything changes.,NONE,BENIGN,REAL_PUBLIC_DATA,EASY,base_d1a4bd9179,pdf_base,,
spam,Verify your account today. We detected unusual activity and need verification immediately. Last chance.,OTHER,MALICIOUS,REAL_PUBLIC_DATA,EASY,base_2fa60f6d8d,pdf_base,,
spam,"Special deal for you. Unlock premium access with this one time opportunity. No reply is needed, act now. .",OTHER,MALICIOUS,REAL_PUBLIC_DATA,EASY,base_92ba2c1362,pdf_base,,
ham,Team discussion. Dinner is planned for Saturday evening at home. Please reply when convenient.,NONE,BENIGN,REAL_PUBLIC_DATA,EASY,base_a9c495cd51,pdf_base,,
spam,Exclusive bonus inside. Your account may be suspended unless you respond now. Last chance.,OTHER,MALICIOUS,REAL_PUBLIC_DATA,EASY,base_432012d4e3,pdf_base,,
spam,Special deal for you. Click the link to claim your reward before it expires. Do not miss this opportunity.,OTHER,MALICIOUS,REAL_PUBLIC_DATA,EASY,base_bd52a63679,pdf_base,,
spam,"Exclusive bonus inside. Do not miss this exclusive reward, claim it today. Offer ends very soon. .",OTHER,MALICIOUS,REAL_PUBLIC_DATA,EASY,base_2e4df99311,pdf_base,,
spam,Congratulations you won. We detected unusual activity and need verification immediately. Limited availability.,OTHER,MALICIOUS,REAL_PUBLIC_DATA,EASY,base_e5906419e9,pdf_base,,
ham,Homework question. We need to finalize the timeline before Friday. Please reply when convenient.,NONE,BENIGN,REAL_PUBLIC_DATA,EASY,base_7ef0660807,pdf_base,,
ham,Meeting reminder. Dinner is planned for Saturday evening at home. Please reply when convenient.,NONE,BENIGN,REAL_PUBLIC_DATA,EASY,base_701a0c28c5,pdf_base,,
ham,Homework question. The order has been confirmed and details are attached below. Let me know if anything changes.,NONE,BENIGN,REAL_PUBLIC_DATA,EASY,base_5ecdebe504,pdf_base,,
ham,Appointment follow-up. Dinner is planned for Saturday evening at home. I appreciate your time.,NONE,BENIGN,REAL_PUBLIC_DATA,EASY,base_38d6292b48,pdf_base,,
spam,"Final notice payment needed. Your payment failed, update your information right away. Last chance. .",OTHER,MALICIOUS,REAL_PUBLIC_DATA,EASY,base_ef71791355,pdf_base,,
ham,Lunch plan. Here are the notes for this week and the next steps. Let me know if anything changes.,NONE,BENIGN,REAL_PUBLIC_DATA,EASY,base_e96015d131,pdf_base,,
spam,Verify your account today. Click the link to claim your reward before it expires. Offer ends very soon.,OTHER,MALICIOUS,REAL_PUBLIC_DATA,EASY,base_f4a72ec72e,pdf_base,,
spam,"Action required immediately. Unlock premium access with this one time opportunity. No reply is needed, act now. .",OTHER,MALICIOUS,REAL_PUBLIC_DATA,EASY,base_ce3b3e6a9f,pdf_base,,
ham,Family plan. Please confirm your availability for the appointment. Let me know if anything changes.,NONE,BENIGN,REAL_PUBLIC_DATA,EASY,base_e1344fc951,pdf_base,,
spam,Exclusive bonus inside. Click the link to claim your reward before it expires. Offer ends very soon.,OTHER,MALICIOUS,REAL_PUBLIC_DATA,EASY,base_9742eace43,pdf_base,,
spam,"Exclusive bonus inside. Your account may be suspended unless you respond now. No reply is needed, act now. .",OTHER,MALICIOUS,REAL_PUBLIC_DATA,EASY,base_432012d4e3,pdf_base,,
ham,Homework question. Let us meet after class to discuss the assignment. Thanks for your help.,NONE,BENIGN,REAL_PUBLIC_DATA,EASY,base_70d09df228,pdf_base,,
spam,Limited time offer. Your account may be suspended unless you respond now. Last chance.,OTHER,MALICIOUS,REAL_PUBLIC_DATA,EASY,base_874d9279e6,pdf_base,,
ham,Meeting reminder. We need to finalize the timeline before Friday. I appreciate your time.,NONE,BENIGN,REAL_PUBLIC_DATA,EASY,base_09980ca7a2,pdf_base,,
spam,Verify your account today. Please confirm your details to receive your prize. Do not miss this opportunity.,OTHER,MALICIOUS,REAL_PUBLIC_DATA,EASY,base_ad6bf3da61,pdf_base,,
ham,Appointment follow-up. Please review the file and send your feedback when you are free. Let me know if anything changes.,NONE,BENIGN,REAL_PUBLIC_DATA,EASY,base_0212f52c75,pdf_base,,
ham,Meeting reminder. Can you check this and reply when convenient? I appreciate your time.,NONE,BENIGN,REAL_PUBLIC_DATA,EASY,base_f6db5c5a44,pdf_base,,
spam,Action required immediately. Your account may be suspended unless you respond now. Do not miss this opportunity.,OTHER,MALICIOUS,REAL_PUBLIC_DATA,EASY,base_a9e64b8341,pdf_base,,
spam,Exclusive bonus inside. This is a limited time deal and you should act fast. Do not miss this opportunity.,OTHER,MALICIOUS,REAL_PUBLIC_DATA,EASY,base_54a874b5b1,pdf_base,,
ham,Homework question. Here are the notes for this week and the next steps. I appreciate your time.,NONE,BENIGN,REAL_PUBLIC_DATA,EASY,base_f0fec3f4cb,pdf_base,,
spam,Final notice payment needed. You have been selected for a special bonus offer. Last chance.,OTHER,MALICIOUS,REAL_PUBLIC_DATA,EASY,base_e535d3b91f,pdf_base,,
spam,"Exclusive bonus inside. You have been selected for a special bonus offer. No reply is needed, act now. .",OTHER,MALICIOUS,REAL_PUBLIC_DATA,EASY,base_22bd2a2901,pdf_base,,
ham,Appointment follow-up. Let us meet after class to discuss the assignment. I appreciate your time.,NONE,BENIGN,REAL_PUBLIC_DATA,EASY,base_d2e778afa3,pdf_base,,
spam,Exclusive bonus inside. We detected unusual activity and need verification immediately. Last chance.,OTHER,MALICIOUS,REAL_PUBLIC_DATA,EASY,base_71e0658e4f,pdf_base,,
ham,Team discussion. Can you check this and reply when convenient? I appreciate your time.,NONE,BENIGN,REAL_PUBLIC_DATA,EASY,base_9ecca20bd4,pdf_base,,
spam,"Claim your prize now. Do not miss this exclusive reward, claim it today. Offer ends very soon. .",OTHER,MALICIOUS,REAL_PUBLIC_DATA,EASY,base_fd2b85371d,pdf_base,,
ham,Meeting reminder. Let us meet after class to discuss the assignment. Let me know if anything changes.,NONE,BENIGN,REAL_PUBLIC_DATA,EASY,base_e1ab785dd3,pdf_base,,
spam,Congratulations you won. Please confirm your details to receive your prize. Last chance.,OTHER,MALICIOUS,REAL_PUBLIC_DATA,EASY,base_51451c14a8,pdf_base,,
ham,Lunch plan. The meeting is scheduled for tomorrow afternoon in the office. Looking forward to your response.,NONE,BENIGN,REAL_PUBLIC_DATA,EASY,base_8fc39b3368,pdf_base,,
ham,Weekly schedule. Let us meet after class to discuss the assignment. Let me know if anything changes.,NONE,BENIGN,REAL_PUBLIC_DATA,EASY,base_b7aa441f7f,pdf_base,,
spam,Action required immediately. Click the link to claim your reward before it expires. Limited availability.,OTHER,MALICIOUS,REAL_PUBLIC_DATA,EASY,base_ee90495b3c,pdf_base,,
spam,Verify your account today. You have been selected for a special bonus offer. Offer ends very soon.,OTHER,MALICIOUS,REAL_PUBLIC_DATA,EASY,base_0c947ec57d,pdf_base,,
spam,Action required immediately. Click the link to claim your reward before it expires. Do not miss this opportunity.,OTHER,MALICIOUS,REAL_PUBLIC_DATA,EASY,base_ee90495b3c,pdf_base,,
ham,Lunch plan. Here are the notes for this week and the next steps. Thanks for your help.,NONE,BENIGN,REAL_PUBLIC_DATA,EASY,base_e96015d131,pdf_base,,
spam,"Urgent account alert. Do not miss this exclusive reward, claim it today. Limited availability. .",OTHER,MALICIOUS,REAL_PUBLIC_DATA,EASY,base_0ded7c7d6b,pdf_base,,
ham,Appointment follow-up. The meeting is scheduled for tomorrow afternoon in the office. Please reply when convenient.,NONE,BENIGN,REAL_PUBLIC_DATA,EASY,base_79130e3dd7,pdf_base,,
spam,Final notice payment needed. This is a limited time deal and you should act fast. Do not miss this opportunity.,OTHER,MALICIOUS,REAL_PUBLIC_DATA,EASY,base_75d77e6129,pdf_base,,
ham,Appointment follow-up. The meeting is scheduled for tomorrow afternoon in the office. Let me know if anything changes.,NONE,BENIGN,REAL_PUBLIC_DATA,EASY,base_79130e3dd7,pdf_base,,
spam,"Special deal for you. Your payment failed, update your information right away. Offer ends very soon. .",OTHER,MALICIOUS,REAL_PUBLIC_DATA,EASY,base_2c0d051737,pdf_base,,
ham,Project update. The order has been confirmed and details are attached below. Thanks for your help.,NONE,BENIGN,REAL_PUBLIC_DATA,EASY,base_2b0c4ccb63,pdf_base,,
spam,Action required immediately. Click the link to claim your reward before it expires. Last chance.,OTHER,MALICIOUS,REAL_PUBLIC_DATA,EASY,base_ee90495b3c,pdf_base,,
spam,Congratulations you won. Unlock premium access with this one time opportunity. Last chance.,OTHER,MALICIOUS,REAL_PUBLIC_DATA,EASY,base_6f5c0f9536,pdf_base,,
ham,Family plan. Please review the file and send your feedback when you are free. I appreciate your time.,NONE,BENIGN,REAL_PUBLIC_DATA,EASY,base_f465030c99,pdf_base,,
spam,Urgent account alert. Unlock premium access with this one time opportunity. Offer ends very soon.,OTHER,MALICIOUS,REAL_PUBLIC_DATA,EASY,base_59ee32e793,pdf_base,,
spam,Action required immediately. This is a limited time deal and you should act fast. Offer ends very soon.,OTHER,MALICIOUS,REAL_PUBLIC_DATA,EASY,base_e533d92e2e,pdf_base,,
ham,Order confirmation. I completed the task and shared the latest version for review. Thanks for your help.,NONE,BENIGN,REAL_PUBLIC_DATA,EASY,base_487c1df9fd,pdf_base,,
spam,Free gift waiting. You have been selected for a special bonus offer. Offer ends very soon.,OTHER,MALICIOUS,REAL_PUBLIC_DATA,EASY,base_50244dc35b,pdf_base,,
spam,"Free gift waiting. Do not miss this exclusive reward, claim it today. Offer ends very soon. .",OTHER,MALICIOUS,REAL_PUBLIC_DATA,EASY,base_81f49dadec,pdf_base,,
ham,Project update. The meeting is scheduled for tomorrow afternoon in the office. Looking forward to your response.,NONE,BENIGN,REAL_PUBLIC_DATA,EASY,base_2bbfa76cdc,pdf_base,,
spam,Final notice payment needed. Your account may be suspended unless you respond now. Offer ends very soon.,OTHER,MALICIOUS,REAL_PUBLIC_DATA,EASY,base_644d49db52,pdf_base,,
spam,"Action required immediately. This offer expires soon, so take action now. No reply is needed, act now. .",OTHER,MALICIOUS,REAL_PUBLIC_DATA,EASY,base_2010ab785e,pdf_base,,
ham,Project update. Let us meet after class to discuss the assignment. Let me know if anything changes.,NONE,BENIGN,REAL_PUBLIC_DATA,EASY,base_966dbadf43,pdf_base,,
ham,Class notes. I completed the task and shared the latest version for review. Looking forward to your response.,NONE,BENIGN,REAL_PUBLIC_DATA,EASY,base_4b0644d4e8,pdf_base,,
ham,Order confirmation. We need to finalize the timeline before Friday. Thanks for your help.,NONE,BENIGN,REAL_PUBLIC_DATA,EASY,base_6be5602792,pdf_base,,
spam,Urgent account alert. Your account may be suspended unless you respond now. Limited availability.,OTHER,MALICIOUS,REAL_PUBLIC_DATA,EASY,base_6908092505,pdf_base,,
ham,Appointment follow-up. Here are the notes for this week and the next steps. Looking forward to your response.,NONE,BENIGN,REAL_PUBLIC_DATA,EASY,base_6ef9a16161,pdf_base,,
ham,Class notes. The order has been confirmed and details are attached below. Please reply when convenient.,NONE,BENIGN,REAL_PUBLIC_DATA,EASY,base_062d1de3fc,pdf_base,,
spam,Free gift waiting. We detected unusual activity and need verification immediately. Offer ends very soon.,OTHER,MALICIOUS,REAL_PUBLIC_DATA,EASY,base_e1365e7ce5,pdf_base,,
spam,Urgent account alert. Your account may be suspended unless you respond now. Do not miss this opportunity.,OTHER,MALICIOUS,REAL_PUBLIC_DATA,EASY,base_6908092505,pdf_base,,
ham,Lunch plan. Please review the file and send your feedback when you are free. I appreciate your time.,NONE,BENIGN,REAL_PUBLIC_DATA,EASY,base_b8682e04fe,pdf_base,,
spam,"Action required immediately. You have been selected for a special bonus offer. No reply is needed, act now. .",OTHER,MALICIOUS,REAL_PUBLIC_DATA,EASY,base_9470c82b66,pdf_base,,
ham,Weekly schedule. The order has been confirmed and details are attached below. Thanks for your help.,NONE,BENIGN,REAL_PUBLIC_DATA,EASY,base_40d7ee88d9,pdf_base,,
ham,Order confirmation. Please review the file and send your feedback when you are free. Please reply when convenient.,NONE,BENIGN,REAL_PUBLIC_DATA,EASY,base_9a32f00866,pdf_base,,
spam,Congratulations you won. Click the link to claim your reward before it expires. Do not miss this opportunity.,OTHER,MALICIOUS,REAL_PUBLIC_DATA,EASY,base_5d252a33c7,pdf_base,,
ham,Order confirmation. Can you check this and reply when convenient? Thanks for your help.,NONE,BENIGN,REAL_PUBLIC_DATA,EASY,base_1efcf7c47c,pdf_base,,
spam,"Special deal for you. This is a limited time deal and you should act fast. No reply is needed, act now. .",OTHER,MALICIOUS,REAL_PUBLIC_DATA,EASY,base_d3092a0ba4,pdf_base,,
ham,Team discussion. Here are the notes for this week and the next steps. I appreciate your time.,NONE,BENIGN,REAL_PUBLIC_DATA,EASY,base_571ba090b0,pdf_base,,
ham,Homework question. Please confirm your availability for the appointment. Thanks for your help.,NONE,BENIGN,REAL_PUBLIC_DATA,EASY,base_700b2de8fa,pdf_base,,
spam,"Final notice payment needed. Your payment failed, update your information right away. Do not miss this opportunity. .",OTHER,MALICIOUS,REAL_PUBLIC_DATA,EASY,base_ef71791355,pdf_base,,
ham,Class notes. Can you check this and reply when convenient? Let me know if anything changes.,NONE,BENIGN,REAL_PUBLIC_DATA,EASY,base_70b5310bbd,pdf_base,,
ham,Appointment follow-up. The meeting is scheduled for tomorrow afternoon in the office. Looking forward to your response.,NONE,BENIGN,REAL_PUBLIC_DATA,EASY,base_79130e3dd7,pdf_base,,
spam,Verify your account today. Unlock premium access with this one time opportunity. Do not miss this opportunity.,OTHER,MALICIOUS,REAL_PUBLIC_DATA,EASY,base_9e5b784cdf,pdf_base,,
ham,Weekly schedule. Can you check this and reply when convenient? I appreciate your time.,NONE,BENIGN,REAL_PUBLIC_DATA,EASY,base_58161f811d,pdf_base,,
spam,Action required immediately. You have been selected for a special bonus offer. Last chance.,OTHER,MALICIOUS,REAL_PUBLIC_DATA,EASY,base_9470c82b66,pdf_base,,
spam,Urgent account alert. You have been selected for a special bonus offer. Limited availability.,OTHER,MALICIOUS,REAL_PUBLIC_DATA,EASY,base_a75a779c5c,pdf_base,,
spam,Action required immediately. Please confirm your details to receive your prize. Do not miss this opportunity.,OTHER,MALICIOUS,REAL_PUBLIC_DATA,EASY,base_90a8f54a24,pdf_base,,
spam,Limited time offer. Please confirm your details to receive your prize. Limited availability.,OTHER,MALICIOUS,REAL_PUBLIC_DATA,EASY,base_0293897ea5,pdf_base,,
ham,Project update. Please review the file and send your feedback when you are free. Looking forward to your response.,NONE,BENIGN,REAL_PUBLIC_DATA,EASY,base_d1a4bd9179,pdf_base,,
ham,Lunch plan. Let us meet after class to discuss the assignment. Looking forward to your response.,NONE,BENIGN,REAL_PUBLIC_DATA,EASY,base_5218940fbf,pdf_base,,
spam,Limited time offer. Unlock premium access with this one time opportunity. Last chance.,OTHER,MALICIOUS,REAL_PUBLIC_DATA,EASY,base_9af1f8807c,pdf_base,,
ham,Team discussion. The order has been confirmed and details are attached below. Thanks for your help.,NONE,BENIGN,REAL_PUBLIC_DATA,EASY,base_e0f134ccd2,pdf_base,,
ham,Homework question. Let us meet after class to discuss the assignment. Please reply when convenient.,NONE,BENIGN,REAL_PUBLIC_DATA,EASY,base_70d09df228,pdf_base,,
ham,Project update. The order has been confirmed and details are attached below. Please reply when convenient.,NONE,BENIGN,REAL_PUBLIC_DATA,EASY,base_2b0c4ccb63,pdf_base,,
ham,Project update. Please confirm your availability for the appointment. Please reply when convenient.,NONE,BENIGN,REAL_PUBLIC_DATA,EASY,base_40d45f81ac,pdf_base,,
ham,Homework question. Can you check this and reply when convenient? Let me know if anything changes.,NONE,BENIGN,REAL_PUBLIC_DATA,EASY,base_427de17674,pdf_base,,
spam,"Urgent account alert. Your payment failed, update your information right away. Do not miss this opportunity. .",OTHER,MALICIOUS,REAL_PUBLIC_DATA,EASY,base_b04388e51b,pdf_base,,
spam,"Congratulations you won. Your payment failed, update your information right away. Offer ends very soon. .",OTHER,MALICIOUS,REAL_PUBLIC_DATA,EASY,base_89e26da4e5,pdf_base,,
ham,Family plan. We need to finalize the timeline before Friday. Thanks for your help.,NONE,BENIGN,REAL_PUBLIC_DATA,EASY,base_0a5f27c8e5,pdf_base,,
spam,Congratulations you won. Please confirm your details to receive your prize. Do not miss this opportunity.,OTHER,MALICIOUS,REAL_PUBLIC_DATA,EASY,base_51451c14a8,pdf_base,,
ham,Project update. Please review the file and send your feedback when you are free. Thanks for your help.,NONE,BENIGN,REAL_PUBLIC_DATA,EASY,base_d1a4bd9179,pdf_base,,
spam,Action required immediately. Please confirm your details to receive your prize. Offer ends very soon.,OTHER,MALICIOUS,REAL_PUBLIC_DATA,EASY,base_90a8f54a24,pdf_base,,
spam,Exclusive bonus inside. Unlock premium access with this one time opportunity. Do not miss this opportunity.,OTHER,MALICIOUS,REAL_PUBLIC_DATA,EASY,base_e37c200737,pdf_base,,
spam,Free gift waiting. We detected unusual activity and need verification immediately. Do not miss this opportunity.,OTHER,MALICIOUS,REAL_PUBLIC_DATA,EASY,base_e1365e7ce5,pdf_base,,
ham,Appointment follow-up. We need to finalize the timeline before Friday. Please reply when convenient.,NONE,BENIGN,REAL_PUBLIC_DATA,EASY,base_8f7e912d07,pdf_base,,
ham,Team discussion. Here are the notes for this week and the next steps. Please reply when convenient.,NONE,BENIGN,REAL_PUBLIC_DATA,EASY,base_571ba090b0,pdf_base,,
ham,Family plan. Let us meet after class to discuss the assignment. Looking forward to your response.,NONE,BENIGN,REAL_PUBLIC_DATA,EASY,base_2996405591,pdf_base,,
spam,"Congratulations you won. Your payment failed, update your information right away. Limited availability. .",OTHER,MALICIOUS,REAL_PUBLIC_DATA,EASY,base_89e26da4e5,pdf_base,,
spam,"Special deal for you. You have been selected for a special bonus offer. No reply is needed, act now. .",OTHER,MALICIOUS,REAL_PUBLIC_DATA,EASY,base_9f7a87258e,pdf_base,,
ham,Order confirmation. Let us meet after class to discuss the assignment. Looking forward to your response.,NONE,BENIGN,REAL_PUBLIC_DATA,EASY,base_b90c718c02,pdf_base,,
ham,Order confirmation. The meeting is scheduled for tomorrow afternoon in the office. Thanks for your help.,NONE,BENIGN,REAL_PUBLIC_DATA,EASY,base_3ecb48e83e,pdf_base,,
ham,Weekly schedule. Can you check this and reply when convenient? Let me know if anything changes.,NONE,BENIGN,REAL_PUBLIC_DATA,EASY,base_58161f811d,pdf_base,,
spam,Free gift waiting. You have been selected for a special bonus offer. Do not miss this opportunity.,OTHER,MALICIOUS,REAL_PUBLIC_DATA,EASY,base_50244dc35b,pdf_base,,
spam,"Final notice payment needed. Your payment failed, update your information right away. Limited availability. .",OTHER,MALICIOUS,REAL_PUBLIC_DATA,EASY,base_ef71791355,pdf_base,,
spam,Final notice payment needed. You have been selected for a special bonus offer. Do not miss this opportunity.,OTHER,MALICIOUS,REAL_PUBLIC_DATA,EASY,base_e535d3b91f,pdf_base,,
spam,Free gift waiting. Unlock premium access with this one time opportunity. Do not miss this opportunity.,OTHER,MALICIOUS,REAL_PUBLIC_DATA,EASY,base_ddd7b1f618,pdf_base,,
ham,Appointment follow-up. Here are the notes for this week and the next steps. I appreciate your time.,NONE,BENIGN,REAL_PUBLIC_DATA,EASY,base_6ef9a16161,pdf_base,,
spam,Limited time offer. We detected unusual activity and need verification immediately. Limited availability.,OTHER,MALICIOUS,REAL_PUBLIC_DATA,EASY,base_4691e159d5,pdf_base,,
ham,Weekly schedule. Let us meet after class to discuss the assignment. I appreciate your time.,NONE,BENIGN,REAL_PUBLIC_DATA,EASY,base_b7aa441f7f,pdf_base,,
spam,Congratulations you won. Unlock premium access with this one time opportunity. Do not miss this opportunity.,OTHER,MALICIOUS,REAL_PUBLIC_DATA,EASY,base_6f5c0f9536,pdf_base,,
ham,Family plan. Let us meet after class to discuss the assignment. Thanks for your help.,NONE,BENIGN,REAL_PUBLIC_DATA,EASY,base_2996405591,pdf_base,,
spam,Exclusive bonus inside. This is a limited time deal and you should act fast. Last chance.,OTHER,MALICIOUS,REAL_PUBLIC_DATA,EASY,base_54a874b5b1,pdf_base,,
spam,"Claim your prize now. Do not miss this exclusive reward, claim it today. Limited availability. .",OTHER,MALICIOUS,REAL_PUBLIC_DATA,EASY,base_fd2b85371d,pdf_base,,
ham,Homework question. I completed the task and shared the latest version for review. Let me know if anything changes.,NONE,BENIGN,REAL_PUBLIC_DATA,EASY,base_ced46c96f0,pdf_base,,
spam,Special deal for you. Your account may be suspended unless you respond now. Last chance.,OTHER,MALICIOUS,REAL_PUBLIC_DATA,EASY,base_df1c2d577b,pdf_base,,
spam,Exclusive bonus inside. Your account may be suspended unless you respond now. Limited availability.,OTHER,MALICIOUS,REAL_PUBLIC_DATA,EASY,base_432012d4e3,pdf_base,,
ham,Team discussion. Please review the file and send your feedback when you are free. Thanks for your help.,NONE,BENIGN,REAL_PUBLIC_DATA,EASY,base_56a8cacdad,pdf_base,,
spam,"Exclusive bonus inside. Your payment failed, update your information right away. Last chance. .",OTHER,MALICIOUS,REAL_PUBLIC_DATA,EASY,base_e2e23b93db,pdf_base,,
ham,Class notes. Here are the notes for this week and the next steps. Thanks for your help.,NONE,BENIGN,REAL_PUBLIC_DATA,EASY,base_6a594a0ba0,pdf_base,,
ham,Meeting reminder. Here are the notes for this week and the next steps. I appreciate your time.,NONE,BENIGN,REAL_PUBLIC_DATA,EASY,base_7f36cb22e3,pdf_base,,
spam,Limited time offer. This is a limited time deal and you should act fast. Do not miss this opportunity.,OTHER,MALICIOUS,REAL_PUBLIC_DATA,EASY,base_033c6a9225,pdf_base,,
spam,Action required immediately. Click the link to claim your reward before it expires. Offer ends very soon.,OTHER,MALICIOUS,REAL_PUBLIC_DATA,EASY,base_ee90495b3c,pdf_base,,
ham,Project update. Can you check this and reply when convenient? I appreciate your time.,NONE,BENIGN,REAL_PUBLIC_DATA,EASY,base_4d8bb1d037,pdf_base,,
ham,Family plan. The order has been confirmed and details are attached below. Please reply when convenient.,NONE,BENIGN,REAL_PUBLIC_DATA,EASY,base_4d05a18243,pdf_base,,
spam,Urgent account alert. Click the link to claim your reward before it expires. Limited availability.,OTHER,MALICIOUS,REAL_PUBLIC_DATA,EASY,base_b01e766a3e,pdf_base,,
spam,"Claim your prize now. This offer expires soon, so take action now. No reply is needed, act now. .",OTHER,MALICIOUS,REAL_PUBLIC_DATA,EASY,base_a2694f9a4a,pdf_base,,
ham,Project update. I completed the task and shared the latest version for review. Let me know if anything changes.,NONE,BENIGN,REAL_PUBLIC_DATA,EASY,base_ecbf2e7b95,pdf_base,,
spam,"Limited time offer. This offer expires soon, so take action now. Limited availability. .",OTHER,MALICIOUS,REAL_PUBLIC_DATA,EASY,base_8e43a9ceba,pdf_base,,
spam,"Claim your prize now. This offer expires soon, so take action now. Last chance. .",OTHER,MALICIOUS,REAL_PUBLIC_DATA,EASY,base_a2694f9a4a,pdf_base,,
ham,Homework question. We need to finalize the timeline before Friday. Looking forward to your response.,NONE,BENIGN,REAL_PUBLIC_DATA,EASY,base_7ef0660807,pdf_base,,
ham,Meeting reminder. We need to finalize the timeline before Friday. Looking forward to your response.,NONE,BENIGN,REAL_PUBLIC_DATA,EASY,base_09980ca7a2,pdf_base,,
ham,Meeting reminder. The order has been confirmed and details are attached below. Please reply when convenient.,NONE,BENIGN,REAL_PUBLIC_DATA,EASY,base_5c73080290,pdf_base,,
spam,"Action required immediately. Click the link to claim your reward before it expires. No reply is needed, act now. .",OTHER,MALICIOUS,REAL_PUBLIC_DATA,EASY,base_ee90495b3c,pdf_base,,
ham,Team discussion. Dinner is planned for Saturday evening at home. Let me know if anything changes.,NONE,BENIGN,REAL_PUBLIC_DATA,EASY,base_a9c495cd51,pdf_base,,
ham,Homework question. Dinner is planned for Saturday evening at home. Thanks for your help.,NONE,BENIGN,REAL_PUBLIC_DATA,EASY,base_e9aea61827,pdf_base,,
spam,Verify your account today. Your account may be suspended unless you respond now. Limited availability.,OTHER,MALICIOUS,REAL_PUBLIC_DATA,EASY,base_8e5ad4f27e,pdf_base,,
spam,Limited time offer. We detected unusual activity and need verification immediately. Offer ends very soon.,OTHER,MALICIOUS,REAL_PUBLIC_DATA,EASY,base_4691e159d5,pdf_base,,
ham,Family plan. I completed the task and shared the latest version for review. Looking forward to your response.,NONE,BENIGN,REAL_PUBLIC_DATA,EASY,base_4375b86850,pdf_base,,
ham,Weekly schedule. We need to finalize the timeline before Friday. Looking forward to your response.,NONE,BENIGN,REAL_PUBLIC_DATA,EASY,base_0221a2d016,pdf_base,,
ham,Class notes. We need to finalize the timeline before Friday. Please reply when convenient.,NONE,BENIGN,REAL_PUBLIC_DATA,EASY,base_2ec5190a95,pdf_base,,
ham,Family plan. Please review the file and send your feedback when you are free. Please reply when convenient.,NONE,BENIGN,REAL_PUBLIC_DATA,EASY,base_f465030c99,pdf_base,,
spam,Special deal for you. You have been selected for a special bonus offer. Last chance.,OTHER,MALICIOUS,REAL_PUBLIC_DATA,EASY,base_9f7a87258e,pdf_base,,
ham,Team discussion. Please review the file and send your feedback when you are free. Please reply when convenient.,NONE,BENIGN,REAL_PUBLIC_DATA,EASY,base_56a8cacdad,pdf_base,,
ham,Project update. The order has been confirmed and details are attached below. I appreciate your time.,NONE,BENIGN,REAL_PUBLIC_DATA,EASY,base_2b0c4ccb63,pdf_base,,
spam,Free gift waiting. Click the link to claim your reward before it expires. Last chance.,OTHER,MALICIOUS,REAL_PUBLIC_DATA,EASY,base_679d6f34c7,pdf_base,,
ham,Order confirmation. The order has been confirmed and details are attached below. Please reply when convenient.,NONE,BENIGN,REAL_PUBLIC_DATA,EASY,base_8942bb125a,pdf_base,,
ham,Class notes. Here are the notes for this week and the next steps. Let me know if anything changes.,NONE,BENIGN,REAL_PUBLIC_DATA,EASY,base_6a594a0ba0,pdf_base,,
ham,Meeting reminder. The order has been confirmed and details are attached below. I appreciate your time.,NONE,BENIGN,REAL_PUBLIC_DATA,EASY,base_5c73080290,pdf_base,,
ham,Appointment follow-up. I completed the task and shared the latest version for review. Looking forward to your response.,NONE,BENIGN,REAL_PUBLIC_DATA,EASY,base_c57f79b627,pdf_base,,
ham,Appointment follow-up. Please review the file and send your feedback when you are free. I appreciate your time.,NONE,BENIGN,REAL_PUBLIC_DATA,EASY,base_0212f52c75,pdf_base,,
ham,Team discussion. Please review the file and send your feedback when you are free. Let me know if anything changes.,NONE,BENIGN,REAL_PUBLIC_DATA,EASY,base_56a8cacdad,pdf_base,,
ham,Weekly schedule. I completed the task and shared the latest version for review. Looking forward to your response.,NONE,BENIGN,REAL_PUBLIC_DATA,EASY,base_7e6b85622e,pdf_base,,
spam,"Limited time offer. Click the link to claim your reward before it expires. No reply is needed, act now. .",OTHER,MALICIOUS,REAL_PUBLIC_DATA,EASY,base_7bd92d3763,pdf_base,,
ham,Homework question. Dinner is planned for Saturday evening at home. Looking forward to your response.,NONE,BENIGN,REAL_PUBLIC_DATA,EASY,base_e9aea61827,pdf_base,,
ham,Meeting reminder. Dinner is planned for Saturday evening at home. I appreciate your time.,NONE,BENIGN,REAL_PUBLIC_DATA,EASY,base_701a0c28c5,pdf_base,,
ham,Project update. Can you check this and reply when convenient? Thanks for your help.,NONE,BENIGN,REAL_PUBLIC_DATA,EASY,base_4d8bb1d037,pdf_base,,
spam,"Exclusive bonus inside. This offer expires soon, so take action now. No reply is needed, act now. .",OTHER,MALICIOUS,REAL_PUBLIC_DATA,EASY,base_1ca9d81a2c,pdf_base,,
ham,Team discussion. Please confirm your availability for the appointment. Please reply when convenient.,NONE,BENIGN,REAL_PUBLIC_DATA,EASY,base_ad09d1a93d,pdf_base,,
ham,Family plan. Can you check this and reply when convenient? Looking forward to your response.,NONE,BENIGN,REAL_PUBLIC_DATA,EASY,base_afa2d53328,pdf_base,,
spam,"Urgent account alert. Do not miss this exclusive reward, claim it today. Last chance. .",OTHER,MALICIOUS,REAL_PUBLIC_DATA,EASY,base_0ded7c7d6b,pdf_base,,
ham,Appointment follow-up. Here are the notes for this week and the next steps. Please reply when convenient.,NONE,BENIGN,REAL_PUBLIC_DATA,EASY,base_6ef9a16161,pdf_base,,
ham,Order confirmation. The meeting is scheduled for tomorrow afternoon in the office. Let me know if anything changes.,NONE,BENIGN,REAL_PUBLIC_DATA,EASY,base_3ecb48e83e,pdf_base,,
spam,Please review the security notification below. Complete the verification process to prevent interruption of service. Review your account: https://account-update.com/login?token=6951,CREDENTIAL_THEFT,MALICIOUS,SYNTHETIC,HARD,px_cred_0,professional_phishing,Review your account,https://account-update.com/login
spam,We noticed unusual activity associated with your account. Complete the verification process to prevent interruption of service. Review your account: https://login-check.org/login?token=3485,CREDENTIAL_THEFT,MALICIOUS,SYNTHETIC,HARD,px_cred_1,professional_phishing,Review your account,https://login-check.org/login
spam,Please review the security notification below. Re-authenticate to keep your account active to prevent interruption of service. Review your account: https://account-update.info/login?token=2276,CREDENTIAL_THEFT,MALICIOUS,SYNTHETIC,HARD,px_cred_2,professional_phishing,Review your account,https://account-update.info/login
spam,Unusual login activity was detected on your account. Complete the verification process to prevent interruption of service. Review your account: https://secure-verify.net/login?token=4193,CREDENTIAL_THEFT,MALICIOUS,SYNTHETIC,HARD,px_cred_3,professional_phishing,Review your account,https://secure-verify.net/login
spam,Please review the security notification below. Confirm your password to prevent interruption of service. Review your account: https://alert-center.net/login?token=9963,CREDENTIAL_THEFT,MALICIOUS,SYNTHETIC,HARD,px_cred_4,professional_phishing,Review your account,https://alert-center.net/login
spam,Unusual login activity was detected on your account. Confirm your password to prevent interruption of service. Review your account: https://alert-center.info/login?token=7793,CREDENTIAL_THEFT,MALICIOUS,SYNTHETIC,HARD,px_cred_5,professional_phishing,Review your account,https://alert-center.info/login
spam,Please review the security notification below. Complete the verification process to prevent interruption of service. Review your account: https://payments-portal.info/login?token=9114,CREDENTIAL_THEFT,MALICIOUS,SYNTHETIC,HARD,px_cred_6,professional_phishing,Review your account,https://payments-portal.info/login
spam,Please review the security notification below. Re-verify your login details to prevent interruption of service. Review your account: https://identity-confirm.in/login?token=2907,CREDENTIAL_THEFT,MALICIOUS,SYNTHETIC,HARD,px_cred_7,professional_phishing,Review your account,https://identity-confirm.in/login
spam,We noticed unusual activity associated with your account. Validate your account information to prevent interruption of service. Review your account: https://alert-center.info/login?token=2116,CREDENTIAL_THEFT,MALICIOUS,SYNTHETIC,HARD,px_cred_8,professional_phishing,Review your account,https://alert-center.info/login
spam,Please review the security notification below. Confirm your password to prevent interruption of service. Review your account: https://account-update.com/login?token=3689,CREDENTIAL_THEFT,MALICIOUS,SYNTHETIC,HARD,px_cred_9,professional_phishing,Review your account,https://account-update.com/login
spam,Your account requires additional verification. Re-authenticate to keep your account active to prevent interruption of service. Review your account: https://account-update.com/login?token=2619,CREDENTIAL_THEFT,MALICIOUS,SYNTHETIC,HARD,px_cred_10,professional_phishing,Review your account,https://account-update.com/login
spam,Please review the security notification below. Re-authenticate to keep your account active to prevent interruption of service. Review your account: https://support-ticket.in/login?token=5733,CREDENTIAL_THEFT,MALICIOUS,SYNTHETIC,HARD,px_cred_11,professional_phishing,Review your account,https://support-ticket.in/login
spam,Flipkart — action required. Your account may be restricted due to expired security details. Verify your identity now through the official portal to avoid suspension: https://kyc-review.net/status,PHISHING,MALICIOUS,SYNTHETIC,HARD,px_suspend_0,account_suspension,verify identity,https://alert-center.com/status
spam,Instagram — action required. Your account may be restricted due to failed verification attempts. Verify your identity now through the official portal to avoid suspension: https://support-ticket.co/status,PHISHING,MALICIOUS,SYNTHETIC,HARD,px_suspend_1,account_suspension,verify identity,https://identity-confirm.com/status
spam,LinkedIn — action required. Your account may be restricted due to duplicate account conflict. Verify your identity now through the official portal to avoid suspension: https://account-update.com/status,PHISHING,MALICIOUS,SYNTHETIC,HARD,px_suspend_2,account_suspension,verify identity,https://alert-center.in/status
spam,IRCTC — action required. Your account may be restricted due to expired security details. Verify your identity now through the official portal to avoid suspension: https://login-check.org/status,PHISHING,MALICIOUS,SYNTHETIC,HARD,px_suspend_3,account_suspension,verify identity,https://secure-verify.org/status
spam,Swiggy — action required. Your account may be restricted due to suspicious activity. Verify your identity now through the official portal to avoid suspension: https://payments-portal.in/status,PHISHING,MALICIOUS,SYNTHETIC,HARD,px_suspend_4,account_suspension,verify identity,https://login-check.info/status
spam,State Bank of India — action required. Your account may be restricted due to expired security details. Verify your identity now through the official portal to avoid suspension: https://payments-portal.org/status,PHISHING,MALICIOUS,SYNTHETIC,HARD,px_suspend_5,account_suspension,verify identity,https://payments-portal.net/status
spam,HDFC Bank — action required. Your account may be restricted due to duplicate account conflict. Verify your identity now through the official portal to avoid suspension: https://alert-center.co/status,PHISHING,MALICIOUS,SYNTHETIC,HARD,px_suspend_6,account_suspension,verify identity,https://kyc-review.co/status
spam,ICICI Bank — action required. Your account may be restricted due to expired security details. Verify your identity now through the official portal to avoid suspension: https://alert-center.com/status,PHISHING,MALICIOUS,SYNTHETIC,HARD,px_suspend_7,account_suspension,verify identity,https://payments-portal.net/status
spam,Paytm — action required. Your account may be restricted due to duplicate account conflict. Verify your identity now through the official portal to avoid suspension: https://secure-verify.info/status,PHISHING,MALICIOUS,SYNTHETIC,HARD,px_suspend_8,account_suspension,verify identity,https://kyc-review.com/status
spam,PhonePe — action required. Your account may be restricted due to expired security details. Verify your identity now through the official portal to avoid suspension: https://verify-now.com/status,PHISHING,MALICIOUS,SYNTHETIC,HARD,px_suspend_9,account_suspension,verify identity,https://verify-now.in/status
spam,Subject: Notice of investigation against your identity. Your identity has been linked to an ongoing money laundering investigation. Immediate verification is required to avoid legal action. Submit your details on the secure portal: https://claim-refund.com/case,DIGITAL_ARREST,MALICIOUS,SYNTHETIC,HARD,px_arrest_0_0,digital_arrest,secure portal,https://support-ticket.net/case
spam,Subject: Notice of investigation against your identity. Your identity has been linked to an ongoing fraud investigation. Immediate verification is required to avoid legal action. Submit your details on the secure portal: https://identity-confirm.co/case,DIGITAL_ARREST,MALICIOUS,SYNTHETIC,HARD,px_arrest_0_1,digital_arrest,secure portal,https://support-ticket.in/case
spam,Subject: Notice of investigation against your identity. Your identity has been linked to an ongoing money laundering investigation. Immediate verification is required to avoid legal action. Submit your details on the secure portal: https://support-ticket.com/case,DIGITAL_ARREST,MALICIOUS,SYNTHETIC,HARD,px_arrest_1_0,digital_arrest,secure portal,https://identity-confirm.info/case
spam,Subject: Notice of investigation against your identity. Your identity has been linked to an ongoing money laundering investigation. Immediate verification is required to avoid legal action. Submit your details on the secure portal: https://support-ticket.org/case,DIGITAL_ARREST,MALICIOUS,SYNTHETIC,HARD,px_arrest_1_1,digital_arrest,secure portal,https://account-update.net/case
spam,Subject: Notice of investigation against your identity. Your identity has been linked to an ongoing fraud investigation. Immediate verification is required to avoid legal action. Submit your details on the secure portal: https://secure-verify.co/case,DIGITAL_ARREST,MALICIOUS,SYNTHETIC,HARD,px_arrest_2_0,digital_arrest,secure portal,https://support-ticket.in/case
spam,Subject: Notice of investigation against your identity. Your identity has been linked to an ongoing fraud investigation. Immediate verification is required to avoid legal action. Submit your details on the secure portal: https://payments-portal.co/case,DIGITAL_ARREST,MALICIOUS,SYNTHETIC,HARD,px_arrest_2_1,digital_arrest,secure portal,https://kyc-review.org/case
spam,Subject: Notice of investigation against your identity. Your identity has been linked to an ongoing cybercrime investigation. Immediate verification is required to avoid legal action. Submit your details on the secure portal: https://account-update.net/case,DIGITAL_ARREST,MALICIOUS,SYNTHETIC,HARD,px_arrest_3_0,digital_arrest,secure portal,https://claim-refund.com/case
spam,Subject: Notice of investigation against your identity. Your identity has been linked to an ongoing money laundering investigation. Immediate verification is required to avoid legal action. Submit your details on the secure portal: https://payments-portal.co/case,DIGITAL_ARREST,MALICIOUS,SYNTHETIC,HARD,px_arrest_3_1,digital_arrest,secure portal,https://login-check.info/case
spam,Subject: Notice of investigation against your identity. Your identity has been linked to an ongoing cybercrime investigation. Immediate verification is required to avoid legal action. Submit your details on the secure portal: https://claim-refund.in/case,DIGITAL_ARREST,MALICIOUS,SYNTHETIC,HARD,px_arrest_4_0,digital_arrest,secure portal,https://login-check.in/case
spam,Subject: Notice of investigation against your identity. Your identity has been linked to an ongoing cybercrime investigation. Immediate verification is required to avoid legal action. Submit your details on the secure portal: https://support-ticket.org/case,DIGITAL_ARREST,MALICIOUS,SYNTHETIC,HARD,px_arrest_4_1,digital_arrest,secure portal,https://payments-portal.co/case
spam,Subject: Notice of investigation against your identity. Your identity has been linked to an ongoing cybercrime investigation. Immediate verification is required to avoid legal action. Submit your details on the secure portal: https://claim-refund.net/case,DIGITAL_ARREST,MALICIOUS,SYNTHETIC,HARD,px_arrest_5_0,digital_arrest,secure portal,https://account-update.in/case
spam,Subject: Notice of investigation against your identity. Your identity has been linked to an ongoing money laundering investigation. Immediate verification is required to avoid legal action. Submit your details on the secure portal: https://payments-portal.net/case,DIGITAL_ARREST,MALICIOUS,SYNTHETIC,HARD,px_arrest_5_1,digital_arrest,secure portal,https://verify-now.com/case
ham,Your appointment for Police Verification has been confirmed for Friday 10:00 AM at the district office. Please carry two passport photographs and your original ID. Reply to reschedule.,NONE,BENIGN,SYNTHETIC,MEDIUM,ph_arrest_legit_0,legit_authority,,
ham,Your appointment for Police Verification has been confirmed for Monday 3:30 PM at the district office. Please carry two passport photographs and your original ID. Reply to reschedule.,NONE,BENIGN,SYNTHETIC,MEDIUM,ph_arrest_legit_1,legit_authority,,
ham,Your appointment for Police Verification has been confirmed for Wednesday 11:15 AM at the district office. Please carry two passport photographs and your original ID. Reply to reschedule.,NONE,BENIGN,SYNTHETIC,MEDIUM,ph_arrest_legit_2,legit_authority,,
spam,"Dear customer, your State Bank of India account has been flagged for a suspicious transaction. Your account will be frozen in 24 hours unless you confirm the recent settlement through the link: https://alert-center.com/freeze",FRAUD,MALICIOUS,SYNTHETIC,HARD,px_fin_0_freeze,financial_fraud,click here,https://login-check.com/freeze
spam,State Bank of India KYC update required. Your account services will be limited unless you complete the KYC re-verification by today at https://alert-center.co/kyc,FRAUD,MALICIOUS,SYNTHETIC,HARD,px_fin_0_kyc,financial_fraud,click here,https://identity-confirm.com/kyc
spam,"A chargeback of Rs 1500 was initiated from your State Bank of India account. If this was not you, claim the reversal here: https://payments-portal.org/upi_refund",FRAUD,MALICIOUS,SYNTHETIC,HARD,px_fin_0_upi_refund,financial_fraud,click here,https://secure-verify.com/upi_refund
spam,"Dear customer, your HDFC Bank account has been flagged for a suspicious login. Your account will be frozen in 24 hours unless you confirm the recent reversal through the link: https://verify-now.org/freeze",FRAUD,MALICIOUS,SYNTHETIC,HARD,px_fin_1_freeze,financial_fraud,click here,https://alert-center.info/freeze
spam,HDFC Bank KYC update required. Your account services will be limited unless you complete the KYC re-verification by this week at https://kyc-review.net/kyc,FRAUD,MALICIOUS,SYNTHETIC,HARD,px_fin_1_kyc,financial_fraud,click here,https://secure-verify.com/kyc
spam,"A reimbursement of Rs 3500 was initiated from your HDFC Bank account. If this was not you, claim the reversal here: https://verify-now.in/upi_refund",FRAUD,MALICIOUS,SYNTHETIC,HARD,px_fin_1_upi_refund,financial_fraud,click here,https://alert-center.co/upi_refund
spam,"Dear customer, your ICICI Bank account has been flagged for a suspicious transaction. Your account will be frozen in 24 hours unless you confirm the recent chargeback through the link: https://payments-portal.info/freeze",FRAUD,MALICIOUS,SYNTHETIC,HARD,px_fin_2_freeze,financial_fraud,click here,https://kyc-review.in/freeze
spam,ICICI Bank KYC update required. Your account services will be limited unless you complete the KYC re-verification by 48 hours at https://account-update.info/kyc,FRAUD,MALICIOUS,SYNTHETIC,HARD,px_fin_2_kyc,financial_fraud,click here,https://alert-center.com/kyc
spam,"A refund of Rs 50000 was initiated from your ICICI Bank account. If this was not you, claim the reversal here: https://kyc-review.net/upi_refund",FRAUD,MALICIOUS,SYNTHETIC,HARD,px_fin_2_upi_refund,financial_fraud,click here,https://payments-portal.com/upi_refund
spam,"Dear customer, your Axis Bank account has been flagged for a suspicious transaction. Your account will be frozen in 24 hours unless you confirm the recent refund through the link: https://payments-portal.in/freeze",FRAUD,MALICIOUS,SYNTHETIC,HARD,px_fin_3_freeze,financial_fraud,click here,https://support-ticket.in/freeze
spam,Axis Bank KYC update required. Your account services will be limited unless you complete the KYC re-verification by this week at https://support-ticket.co/kyc,FRAUD,MALICIOUS,SYNTHETIC,HARD,px_fin_3_kyc,financial_fraud,click here,https://alert-center.org/kyc
spam,"A reimbursement of Rs 12000 was initiated from your Axis Bank account. If this was not you, claim the reversal here: https://secure-verify.org/upi_refund",FRAUD,MALICIOUS,SYNTHETIC,HARD,px_fin_3_upi_refund,financial_fraud,click here,https://claim-refund.org/upi_refund
spam,"Dear customer, your Paytm Payments Bank account has been flagged for a suspicious login. Your account will be frozen in 24 hours unless you confirm the recent transfer through the link: https://identity-confirm.in/freeze",FRAUD,MALICIOUS,SYNTHETIC,HARD,px_fin_4_freeze,financial_fraud,click here,https://payments-portal.org/freeze
spam,Paytm Payments Bank KYC update required. Your account services will be limited unless you complete the KYC re-verification by this week at https://alert-center.co/kyc,FRAUD,MALICIOUS,SYNTHETIC,HARD,px_fin_4_kyc,financial_fraud,click here,https://secure-verify.info/kyc
spam,"A chargeback of Rs 12500 was initiated from your Paytm Payments Bank account. If this was not you, claim the reversal here: https://verify-now.org/upi_refund",FRAUD,MALICIOUS,SYNTHETIC,HARD,px_fin_4_upi_refund,financial_fraud,click here,https://support-ticket.co/upi_refund
spam,Exclusive opportunity — our automated equity algorithm has generated guaranteed returns of 12% weekly for early investors. Limited seats. Reserve yours: https://kyc-review.in/invest,FRAUD,MALICIOUS,SYNTHETIC,MEDIUM,px_inv_0,investment_scam,Reserve,https://identity-confirm.org/invest
spam,Exclusive opportunity — our automated equity algorithm has generated assured returns of 12% weekly for early investors. Limited seats. Reserve yours: https://claim-refund.com/invest,FRAUD,MALICIOUS,SYNTHETIC,MEDIUM,px_inv_1,investment_scam,Reserve,https://account-update.net/invest
spam,Exclusive opportunity — our automated trading algorithm has generated fixed returns of 12% weekly for early investors. Limited seats. Reserve yours: https://payments-portal.in/invest,FRAUD,MALICIOUS,SYNTHETIC,MEDIUM,px_inv_2,investment_scam,Reserve,https://verify-now.info/invest
spam,Exclusive opportunity — our automated trading algorithm has generated assured returns of 2x in 48 hours for early investors. Limited seats. Reserve yours: https://identity-confirm.net/invest,FRAUD,MALICIOUS,SYNTHETIC,MEDIUM,px_inv_3,investment_scam,Reserve,https://kyc-review.in/invest
spam,Exclusive opportunity — our automated trading algorithm has generated fixed returns of 12% weekly for early investors. Limited seats. Reserve yours: https://login-check.net/invest,FRAUD,MALICIOUS,SYNTHETIC,MEDIUM,px_inv_4,investment_scam,Reserve,https://kyc-review.com/invest
spam,Exclusive opportunity — our automated trading algorithm has generated assured returns of 40% monthly for early investors. Limited seats. Reserve yours: https://login-check.in/invest,FRAUD,MALICIOUS,SYNTHETIC,MEDIUM,px_inv_5,investment_scam,Reserve,https://account-update.info/invest
spam,"Congratulations, your personal loan of Rs 12000 has been approved. To release the disbursement, pay the one-time processing fee of Rs 1200 at https://login-check.co/fee",FRAUD,MALICIOUS,SYNTHETIC,MEDIUM,px_loan_0,loan_scam,pay fee,https://identity-confirm.info/fee
spam,"Congratulations, your personal loan of Rs 2 Lakh has been approved. To release the disbursement, pay the one-time processing fee of Rs 850 at https://support-ticket.net/fee",FRAUD,MALICIOUS,SYNTHETIC,MEDIUM,px_loan_1,loan_scam,pay fee,https://secure-verify.info/fee
spam,"Congratulations, your personal loan of Rs 2500 has been approved. To release the disbursement, pay the one-time processing fee of Rs 850 at https://claim-refund.in/fee",FRAUD,MALICIOUS,SYNTHETIC,MEDIUM,px_loan_2,loan_scam,pay fee,https://kyc-review.net/fee
spam,"Congratulations, your business loan of Rs 12000 has been approved. To release the disbursement, pay the one-time processing fee of Rs 500 at https://identity-confirm.info/fee",FRAUD,MALICIOUS,SYNTHETIC,MEDIUM,px_loan_3,loan_scam,pay fee,https://payments-portal.info/fee
spam,"Congratulations, your business loan of Rs 1500 has been approved. To release the disbursement, pay the one-time processing fee of Rs 500 at https://verify-now.com/fee",FRAUD,MALICIOUS,SYNTHETIC,MEDIUM,px_loan_4,loan_scam,pay fee,https://kyc-review.in/fee
spam,"Congratulations, your personal loan of Rs 12000 has been approved. To release the disbursement, pay the one-time processing fee of Rs 850 at https://support-ticket.co/fee",FRAUD,MALICIOUS,SYNTHETIC,MEDIUM,px_loan_5,loan_scam,pay fee,https://claim-refund.org/fee
spam,Security Verification — enter this one-time code on the verification page. OTP: 882134. Do not share this code with anyone. Complete within 5 minutes: https://claim-refund.co/verify?code=882134,CREDENTIAL_THEFT,MALICIOUS,SYNTHETIC,MEDIUM,px_otp_0,otp_phishing,verification page,https://kyc-review.com/verify
spam,Security Verification — enter this one-time code on the verification page. OTP: 882134. Do not share this code with anyone. Complete within 5 minutes: https://support-ticket.in/verify?code=882134,CREDENTIAL_THEFT,MALICIOUS,SYNTHETIC,MEDIUM,px_otp_1,otp_phishing,verification page,https://secure-verify.in/verify
spam,Security Verification — enter this one-time code on the verification page. OTP: 439510. Do not share this code with anyone. Complete within 5 minutes: https://identity-confirm.com/verify?code=439510,CREDENTIAL_THEFT,MALICIOUS,SYNTHETIC,MEDIUM,px_otp_2,otp_phishing,verification page,https://payments-portal.net/verify
spam,Security Verification — enter this one-time code on the verification page. OTP: 771209. Do not share this code with anyone. Complete within 5 minutes: https://kyc-review.com/verify?code=771209,CREDENTIAL_THEFT,MALICIOUS,SYNTHETIC,MEDIUM,px_otp_3,otp_phishing,verification page,https://payments-portal.net/verify
spam,Security Verification — enter this one-time code on the verification page. OTP: 882134. Do not share this code with anyone. Complete within 5 minutes: https://kyc-review.info/verify?code=882134,CREDENTIAL_THEFT,MALICIOUS,SYNTHETIC,MEDIUM,px_otp_4,otp_phishing,verification page,https://verify-now.net/verify
spam,Security Verification — enter this one-time code on the verification page. OTP: 882134. Do not share this code with anyone. Complete within 5 minutes: https://account-update.co/verify?code=882134,CREDENTIAL_THEFT,MALICIOUS,SYNTHETIC,MEDIUM,px_otp_5,otp_phishing,verification page,https://claim-refund.net/verify
spam,Security Verification — enter this one-time code on the verification page. OTP: 428176. Do not share this code with anyone. Complete within 5 minutes: https://alert-center.net/verify?code=428176,CREDENTIAL_THEFT,MALICIOUS,SYNTHETIC,MEDIUM,px_otp_6,otp_phishing,verification page,https://verify-now.info/verify
spam,Security Verification — enter this one-time code on the verification page. OTP: 771209. Do not share this code with anyone. Complete within 5 minutes: https://verify-now.info/verify?code=771209,CREDENTIAL_THEFT,MALICIOUS,SYNTHETIC,MEDIUM,px_otp_7,otp_phishing,verification page,https://alert-center.co/verify
spam,"Hi, I need you to process a payment of Rs 500 to the updated vendor account today. The bank details have changed since the last invoice — please use the attached file and confirm by reply. This is time-sensitive, the supplier is expecting the transfer before close of business.",BEC,MALICIOUS,SYNTHETIC,HARD,px_bec_0,bec,,
spam,"Hi Karthik, this is Arun. Finance is running behind on the Q3 supplier settlement and needs the updated vendor account file. Can you share the revised account details before 3 PM today?",BEC,MALICIOUS,SYNTHETIC,HARD,px_bec_1,bec,,
spam,Re: Purchase Order #5400 — the bank account on file returned an error on the last settlement attempt. Reply with the replacement account number and we will resubmit the payment before end of week.,BEC,MALICIOUS,SYNTHETIC,HARD,px_bec_2,bec,,
spam,From: Director's office — I am travelling and locked out of the payment system. Please purchase 3 gift cards worth Rs 5000 for a client appreciation drive and send the codes by reply. I will settle with you tomorrow.,BEC,MALICIOUS,SYNTHETIC,HARD,px_bec_3,bec,,
spam,"Hi Sarah, our auditor flagged a mismatch in the supplier master. Send me the current vendor list with contact details as a file and I will reconcile it today.",BEC,MALICIOUS,SYNTHETIC,HARD,px_bec_4,bec,,
spam,Daniel asked me to follow up: the payment for the Q3 invoice did not go through. Share the updated banking details directly in your reply so finance can rerun it.,BEC,MALICIOUS,SYNTHETIC,HARD,px_bec_5,bec,,
ham,"Hi, could you share the updated invoice for last month's delivery? The finance team needs it before the monthly close for the vendor reconciliation. Thanks,",NONE,BENIGN,SYNTHETIC,MEDIUM,ph_bec_legit_0,legit_bec,,
spam,URGENT: please purchase Amazon vouchers worth Rs 1500 for the client appreciation program before noon and send the codes by email. The client is waiting; our usual procurement form is down.,BEC,MALICIOUS,SYNTHETIC,HARD,px_bec_gc_0,bec_giftcard,,
spam,URGENT: please purchase gift cards worth Rs 12000 for the client appreciation program before noon and send the codes by email. The client is waiting; our usual procurement form is down.,BEC,MALICIOUS,SYNTHETIC,HARD,px_bec_gc_1,bec_giftcard,,
spam,URGENT: please purchase gift cards worth Rs 500 for the client appreciation program before noon and send the codes by email. The client is waiting; our usual procurement form is down.,BEC,MALICIOUS,SYNTHETIC,HARD,px_bec_gc_2,bec_giftcard,,
spam,URGENT: please purchase Amazon vouchers worth Rs 2500 for the client appreciation program before noon and send the codes by email. The client is waiting; our usual procurement form is down.,BEC,MALICIOUS,SYNTHETIC,HARD,px_bec_gc_3,bec_giftcard,,
spam,From CEO — Important: I need you to organize an urgent wire of Rs 2500 for an acquisition NDA. I am in meetings and can't reach the finance team. Confirm the SWIFT details with the legal counsel and execute today. Do not discuss with others.,IMPERSONATION,MALICIOUS,SYNTHETIC,HARD,px_ceo_0,ceo_fraud,,
spam,From CEO — Important: I need you to organize an urgent wire of Rs 50000 for an acquisition NDA. I am in meetings and can't reach the finance team. Confirm the SWIFT details with the legal counsel and execute today. Do not discuss with others.,IMPERSONATION,MALICIOUS,SYNTHETIC,HARD,px_ceo_1,ceo_fraud,,
spam,From CEO — Important: I need you to organize an urgent wire of Rs 12000 for an acquisition NDA. I am in meetings and can't reach the finance team. Confirm the SWIFT details with the legal counsel and execute today. Do not discuss with others.,IMPERSONATION,MALICIOUS,SYNTHETIC,HARD,px_ceo_2,ceo_fraud,,
spam,From CEO — Important: I need you to organize an urgent wire of Rs 2 Lakh for an acquisition NDA. I am in meetings and can't reach the finance team. Confirm the SWIFT details with the legal counsel and execute today. Do not discuss with others.,IMPERSONATION,MALICIOUS,SYNTHETIC,HARD,px_ceo_3,ceo_fraud,,
spam,IT Support — your mailbox storage limit was exceeded. Click here to increase your quota with your domain credentials: https://verify-now.net/mail,IMPERSONATION,MALICIOUS,SYNTHETIC,HARD,px_itsup_0,it_support,click here,https://kyc-review.com/mail
spam,IT Support — your mailbox storage limit was exceeded. Click here to increase your quota with your domain credentials: https://kyc-review.in/mail,IMPERSONATION,MALICIOUS,SYNTHETIC,HARD,px_itsup_1,it_support,click here,https://claim-refund.org/mail
spam,IT Support — your mailbox storage limit was exceeded. Click here to increase your quota with your domain credentials: https://secure-verify.org/mail,IMPERSONATION,MALICIOUS,SYNTHETIC,HARD,px_itsup_2,it_support,click here,https://kyc-review.org/mail
spam,IT Support — your mailbox storage limit was exceeded. Click here to increase your quota with your domain credentials: https://identity-confirm.com/mail,IMPERSONATION,MALICIOUS,SYNTHETIC,HARD,px_itsup_3,it_support,click here,https://alert-center.org/mail
spam,Your package could not be delivered. Confirm your delivery preferences and pay the customs fee of Rs 149 to reschedule: https://claim-refund.co/delivery,IMPERSONATION,MALICIOUS,SYNTHETIC,MEDIUM,px_deliver_0,delivery_scam,reschedule delivery,https://support-ticket.org/delivery
spam,Your parcel could not be delivered. Confirm your delivery preferences and pay the re-delivery fee of Rs 149 to reschedule: https://support-ticket.co/delivery,IMPERSONATION,MALICIOUS,SYNTHETIC,MEDIUM,px_deliver_1,delivery_scam,reschedule delivery,https://payments-portal.in/delivery
spam,Your parcel could not be delivered. Confirm your delivery preferences and pay the re-delivery fee of Rs 249 to reschedule: https://alert-center.net/delivery,IMPERSONATION,MALICIOUS,SYNTHETIC,MEDIUM,px_deliver_2,delivery_scam,reschedule delivery,https://support-ticket.org/delivery
spam,Your parcel could not be delivered. Confirm your delivery preferences and pay the re-delivery fee of Rs 99 to reschedule: https://verify-now.info/delivery,IMPERSONATION,MALICIOUS,SYNTHETIC,MEDIUM,px_deliver_3,delivery_scam,reschedule delivery,https://kyc-review.co/delivery
ham,HR has published the updated holiday schedule for the upcoming quarter. Please review the calendar attachment and submit any conflicts to your manager by Friday. Leave approvals remain unchanged.,NONE,BENIGN,SYNTHETIC,MEDIUM,ph_imp_legit_0,legit_impersonation,,
spam,Please find the updated invoice attached. Review before today's meeting and confirm the changes. The file is password-protected; the password is the account number. Let me know once reviewed.,MALWARE,MALICIOUS,SYNTHETIC,ADVERSARIAL,px_mal_0,malware_delivery,,
spam,Please find the updated PO attached. Review before today's meeting and confirm the changes. The file is password-protected; the password is the account number. Let me know once reviewed.,MALWARE,MALICIOUS,SYNTHETIC,ADVERSARIAL,px_mal_1,malware_delivery,,
spam,Please find the updated shipping document attached. Review before today's meeting and confirm the changes. The file is password-protected; the password is the account number. Let me know once reviewed.,MALWARE,MALICIOUS,SYNTHETIC,ADVERSARIAL,px_mal_2,malware_delivery,,
spam,Please find the updated contract attached. Review before today's meeting and confirm the changes. The file is password-protected; the password is the account number. Let me know once reviewed.,MALWARE,MALICIOUS,SYNTHETIC,ADVERSARIAL,px_mal_5,malware_delivery,,
spam,Resume submission — please review the attached CV and the referenced portfolio archive. The archive is password-protected; the password is in the email header. Extract and open the sample work before our call today.,MALWARE,MALICIOUS,SYNTHETIC,ADVERSARIAL,px_mal_resume_0,malware_resume,,
spam,"Please find the final version of the contract attached. It contains a digital signature that renders only after you enable macros in the signature panel. Click Enable Content when you open it, then confirm receipt.",MALWARE,MALICIOUS,SYNTHETIC,ADVERSARIAL,px_mal_digisig_0,malware_enable,,
spam,"Please find the final version of the agreement attached. It contains a digital signature that renders only after you enable macros in the signature panel. Click Enable Content when you open it, then confirm receipt.",MALWARE,MALICIOUS,SYNTHETIC,ADVERSARIAL,px_mal_digisig_1,malware_enable,,
ham,Please find the updated invoice attached for your records. The payment was processed on schedule. Let me know if you need a signed copy.,NONE,BENIGN,SYNTHETIC,MEDIUM,ph_mal_legit_0,legit_attachment,,
spam,Please review the document before today's meeting and confirm the revision.,SOCIAL_ENGINEERING,MALICIOUS,ADVERSARIAL,ADVERSARIAL,px_nosw_0,social_eng_no_spamwords,,
spam,Can you confirm the updated account details on file for the vendor settlement?,SOCIAL_ENGINEERING,MALICIOUS,ADVERSARIAL,ADVERSARIAL,px_nosw_1,social_eng_no_spamwords,,
spam,Please complete the verification before access is restored to your workspace.,SOCIAL_ENGINEERING,MALICIOUS,ADVERSARIAL,ADVERSARIAL,px_nosw_2,social_eng_no_spamwords,,
spam,The manager asked us to double-check the credentials for the shared drive login.,SOCIAL_ENGINEERING,MALICIOUS,ADVERSARIAL,ADVERSARIAL,px_nosw_3,social_eng_no_spamwords,,
spam,Kindly validate the new banking details shared by the client before we proceed.,SOCIAL_ENGINEERING,MALICIOUS,ADVERSARIAL,ADVERSARIAL,px_nosw_4,social_eng_no_spamwords,,
spam,Our records show a change request; please approve the attached authorization.,SOCIAL_ENGINEERING,MALICIOUS,ADVERSARIAL,ADVERSARIAL,px_nosw_5,social_eng_no_spamwords,,
spam,The security desk needs the one-time code to release the visitor's badge.,SOCIAL_ENGINEERING,MALICIOUS,ADVERSARIAL,ADVERSARIAL,px_nosw_6,social_eng_no_spamwords,,
spam,Please re-enter your login so we can sync the new directory permissions.,SOCIAL_ENGINEERING,MALICIOUS,ADVERSARIAL,ADVERSARIAL,px_nosw_7,social_eng_no_spamwords,,
spam,"Dear User, we respectfully request that you complete a mandatory security review of your account. Please submit your credentials on the official page to continue using our services without interruption.",CREDENTIAL_THEFT,MALICIOUS,ADVERSARIAL,ADVERSARIAL,px_style_0,style_formal,,https://account-update.info/review
spam,hey! quick one - your account needs a security review. just drop your login details here and you're good to go.,CREDENTIAL_THEFT,MALICIOUS,ADVERSARIAL,ADVERSARIAL,px_style_1,style_informal,,https://account-update.in/review
spam,you account need verify. security review pending. give login details page below. do fast else account block.,CREDENTIAL_THEFT,MALICIOUS,ADVERSARIAL,ADVERSARIAL,px_style_2,style_broken,,https://identity-confirm.com/review
spam,"As part of the quarterly identity assurance protocol (IAP-9), re-authentication is required. Present your current credentials at the designated verification endpoint.",CREDENTIAL_THEFT,MALICIOUS,ADVERSARIAL,ADVERSARIAL,px_style_3,style_technical,,https://claim-refund.net/review
spam,"Sir/Madam, this is an official communication. — apka account suspicious activity ke liye block ho gaya hai Details bharne ke liye niche diye gaye link par click karein.",SOCIAL_ENGINEERING,MALICIOUS,SYNTHETIC,HARD,px_hing_0,hinglish_scam,,https://payments-portal.in/verify
spam,"Namaste, yeh ek important notice hai. — KYC expire ho gaya hai, turant update karein Turant action lijiye, warna account suspend ho sakta hai.",SOCIAL_ENGINEERING,MALICIOUS,SYNTHETIC,HARD,px_hing_1,hinglish_scam,,https://claim-refund.org/verify
spam,"Sir/Madam, this is an official communication. — aapka payment receive nahi hua, refund verify karne ke liye link open karein Details bharne ke liye niche diye gaye link par click karein.",SOCIAL_ENGINEERING,MALICIOUS,SYNTHETIC,HARD,px_hing_2,hinglish_scam,,https://support-ticket.info/verify
spam,"Namaste, yeh ek important notice hai. — police complaint register ho gayi hai, verification ke liye details submit karein Aapke paas sirf aaj ka time hai.",SOCIAL_ENGINEERING,MALICIOUS,SYNTHETIC,HARD,px_hing_3,hinglish_scam,,https://verify-now.co/verify
spam,"Namaste, yeh ek important notice hai. — aapke account se paisa transfer hua hai, confirm karein Turant action lijiye, warna account suspend ho sakta hai.",SOCIAL_ENGINEERING,MALICIOUS,SYNTHETIC,HARD,px_hing_4,hinglish_scam,,https://alert-center.net/verify
spam,"Sir/Madam, this is an official communication. — aapka OTP kisi ko share nahi karna, yah link kholkar details bharein Details bharne ke liye niche diye gaye link par click karein.",SOCIAL_ENGINEERING,MALICIOUS,SYNTHETIC,HARD,px_hing_5,hinglish_scam,,https://identity-confirm.org/verify
spam,"Sir/Madam, this is an official communication. — aapka parcel customs mein atka hai, charges pay karein Aapke paas sirf aaj ka time hai.",SOCIAL_ENGINEERING,MALICIOUS,SYNTHETIC,HARD,px_hing_6,hinglish_scam,,https://secure-verify.org/verify
spam,"Namaste, yeh ek important notice hai. — bank account freeze hone wala hai, turant KYC update karein Turant action lijiye, warna account suspend ho sakta hai.",SOCIAL_ENGINEERING,MALICIOUS,SYNTHETIC,HARD,px_hing_7,hinglish_scam,,https://support-ticket.co/verify
ham,"Namaste, aapka college ka winter session registration confirm ho gaya hai. Fees ki receipt attached hai. Kisi bhi problem ke liye registrar office se contact karein. Dhanyavad.",NONE,BENIGN,SYNTHETIC,HARD,ph_hing_legit_0,legit_hinglish,,
spam,Please review the attached invoice and confirm the payment details before the end of day.,SOCIAL_ENGINEERING,MALICIOUS,ADVERSARIAL,ADVERSARIAL,px_hamlike_0,ham_like_malicious,,
spam,Your account access requires verification — complete the request before your next login.,SOCIAL_ENGINEERING,MALICIOUS,ADVERSARIAL,ADVERSARIAL,px_hamlike_1,ham_like_malicious,,
spam,"Following up on our previous conversation, please confirm the updated payment details.",SOCIAL_ENGINEERING,MALICIOUS,ADVERSARIAL,ADVERSARIAL,px_hamlike_2,ham_like_malicious,,
spam,Document shared with you — review the access request and approve the sharing permission.,SOCIAL_ENGINEERING,MALICIOUS,ADVERSARIAL,ADVERSARIAL,px_hamlike_3,ham_like_malicious,,
spam,Action required before your next login: update your profile credentials.,SOCIAL_ENGINEERING,MALICIOUS,ADVERSARIAL,ADVERSARIAL,px_hamlike_4,ham_like_malicious,,
spam,We noticed a discrepancy in your latest statement. Confirm the transactions on the portal.,SOCIAL_ENGINEERING,MALICIOUS,ADVERSARIAL,ADVERSARIAL,px_hamlike_5,ham_like_malicious,,
spam,The compliance team requires you to confirm your identity for the annual audit.,SOCIAL_ENGINEERING,MALICIOUS,ADVERSARIAL,ADVERSARIAL,px_hamlike_6,ham_like_malicious,,
spam,Re: account — please verify your alternate email address to continue receiving statements.,SOCIAL_ENGINEERING,MALICIOUS,ADVERSARIAL,ADVERSARIAL,px_hamlike_7,ham_like_malicious,,
spam,Festive price drop — shop our new collection with free shipping today. Use code FEST25 at checkout. Shop now: https://shop.com/253,PROMOTIONAL,SUSPICIOUS,SYNTHETIC,EASY,px_promo_0,promo_spam,Shop now,https://deals.org
spam,Launch day discount — shop our new collection with free shipping today. Use code SAVE50 at checkout. Shop now: https://deals.in/116,PROMOTIONAL,SUSPICIOUS,SYNTHETIC,EASY,px_promo_1,promo_spam,Shop now,https://store.info
spam,Limited time flat 50% off — shop our new range with free shipping today. Use code SAVE50 at checkout. Shop now: https://deals.co/630,PROMOTIONAL,SUSPICIOUS,SYNTHETIC,EASY,px_promo_2,promo_spam,Shop now,https://shop.org
spam,Launch day discount — shop our new range with free shipping today. Use code CLEAR40 at checkout. Shop now: https://store.info/164,PROMOTIONAL,SUSPICIOUS,SYNTHETIC,EASY,px_promo_3,promo_spam,Shop now,https://deals.info
spam,Limited time flat 50% off — shop our new drop with free shipping today. Use code SAVE50 at checkout. Shop now: https://shop.com/854,PROMOTIONAL,SUSPICIOUS,SYNTHETIC,EASY,px_promo_4,promo_spam,Shop now,https://store.in
spam,Festive price drop — shop our new collection with free shipping today. Use code CLEAR40 at checkout. Shop now: https://store.in/150,PROMOTIONAL,SUSPICIOUS,SYNTHETIC,EASY,px_promo_5,promo_spam,Shop now,https://shop.org
spam,VERIFY YOUR ACCOUNT CREDENTIALS IMMEDIATELY AT THE SECURE PORTAL LINK BELOW.,CREDENTIAL_THEFT,MALICIOUS,ADVERSARIAL,ADVERSARIAL,px_obf_0_0,obfuscation,,https://account-update.info/secure
spam,vErIfY YoUr aCcOuNt cReDeNtIaLs iMmEdIaTeLy aT ThE SeCuRe pOrTaL LiNk bElOw.,CREDENTIAL_THEFT,MALICIOUS,ADVERSARIAL,ADVERSARIAL,px_obf_0_1,obfuscation,,https://verify-now.info/secure
spam,Verify your account credentials immediately at the secure portal link below.,CREDENTIAL_THEFT,MALICIOUS,ADVERSARIAL,ADVERSARIAL,px_obf_0_2,obfuscation,,https://payments-portal.info/secure
spam,V3r1fy y0ur 4cc0unt cr3d3nt14ls 1mm3d14t3ly 4t th3 s3cur3 p0rt4l l1nk b3l0w.,CREDENTIAL_THEFT,MALICIOUS,ADVERSARIAL,ADVERSARIAL,px_obf_0_3,obfuscation,,https://login-check.net/secure
spam,V e r i f y y o u r a c c o u n t c r e d e n t i a l s i m m e d i a t e l y a t t h e s e c u r e p o r t a l l i n k b e l o w .,CREDENTIAL_THEFT,MALICIOUS,ADVERSARIAL,ADVERSARIAL,px_obf_0_4,obfuscation,,https://login-check.com/secure
spam,Verify your account credentials immediately at the secure portal link below .,CREDENTIAL_THEFT,MALICIOUS,ADVERSARIAL,ADVERSARIAL,px_obf_0_5,obfuscation,,https://kyc-review.co/secure
spam,YOUR PAYMENT METHOD NEEDS CONFIRMATION. ENTER YOUR CARD DETAILS TO REACTIVATE.,CREDENTIAL_THEFT,MALICIOUS,ADVERSARIAL,ADVERSARIAL,px_obf_1_0,obfuscation,,https://login-check.info/secure
spam,yOuR PaYmEnT MeThOd nEeDs cOnFiRmAtIoN. eNtEr yOuR CaRd dEtAiLs tO ReAcTiVaTe.,CREDENTIAL_THEFT,MALICIOUS,ADVERSARIAL,ADVERSARIAL,px_obf_1_1,obfuscation,,https://payments-portal.co/secure
spam,Your payment method needs confirmation. Enter your card details to reactivate.,CREDENTIAL_THEFT,MALICIOUS,ADVERSARIAL,ADVERSARIAL,px_obf_1_2,obfuscation,,https://secure-verify.co/secure
spam,Y0ur p4ym3nt m3th0d n33ds c0nf1rm4t10n. Ent3r y0ur c4rd d3t41ls t0 r34ct1v4t3.,CREDENTIAL_THEFT,MALICIOUS,ADVERSARIAL,ADVERSARIAL,px_obf_1_3,obfuscation,,https://alert-center.org/secure
spam,Y o u r p a y m e n t m e t h o d n e e d s c o n f i r m a t i o n . E n t e r y o u r c a r d d e t a i l s t o r e a c t i v a t e .,CREDENTIAL_THEFT,MALICIOUS,ADVERSARIAL,ADVERSARIAL,px_obf_1_4,obfuscation,,https://alert-center.co/secure
spam,Your payment method needs confirmation . Enter your card details to reactivate .,CREDENTIAL_THEFT,MALICIOUS,ADVERSARIAL,ADVERSARIAL,px_obf_1_5,obfuscation,,https://verify-now.info/secure
spam,CONFIRM YOUR LOGIN DETAILS TO PREVENT ACCOUNT CLOSURE WITHIN 24 HOURS.,CREDENTIAL_THEFT,MALICIOUS,ADVERSARIAL,ADVERSARIAL,px_obf_2_0,obfuscation,,https://support-ticket.net/secure
spam,cOnFiRm yOuR LoGiN DeTaIlS To pReVeNt aCcOuNt cLoSuRe wItHiN 24 hOuRs.,CREDENTIAL_THEFT,MALICIOUS,ADVERSARIAL,ADVERSARIAL,px_obf_2_1,obfuscation,,https://claim-refund.net/secure
spam,Confirm your login details to prevent account closure within 24 hours.,CREDENTIAL_THEFT,MALICIOUS,ADVERSARIAL,ADVERSARIAL,px_obf_2_2,obfuscation,,https://support-ticket.com/secure
spam,C0nf1rm y0ur l0g1n d3t41ls t0 pr3v3nt 4cc0unt cl0sur3 w1th1n 24 h0urs.,CREDENTIAL_THEFT,MALICIOUS,ADVERSARIAL,ADVERSARIAL,px_obf_2_3,obfuscation,,https://claim-refund.in/secure
spam,C o n f i r m y o u r l o g i n d e t a i l s t o p r e v e n t a c c o u n t c l o s u r e w i t h i n 2 4 h o u r s .,CREDENTIAL_THEFT,MALICIOUS,ADVERSARIAL,ADVERSARIAL,px_obf_2_4,obfuscation,,https://kyc-review.co/secure
spam,Confirm your login details to prevent account closure within 24 hours .,CREDENTIAL_THEFT,MALICIOUS,ADVERSARIAL,ADVERSARIAL,px_obf_2_5,obfuscation,,https://claim-refund.info/secure
spam,Your bank account will be suspended. Verify immediately using the link: https://secure-account-verify.com/confirm,FRAUD,MALICIOUS,ADVERSARIAL,ADVERSARIAL,cx_pair_0,contextual_contrast,,
ham,Your bank account statement for August is now available in your official banking application. No action is required.,NONE,BENIGN,ADVERSARIAL,ADVERSARIAL,cx_pair_1,contextual_contrast,,
spam,Your package could not be delivered. Confirm your card details to receive it: https://parcel-fee-collect.com/pay,FRAUD,MALICIOUS,ADVERSARIAL,ADVERSARIAL,cx_pair_2,contextual_contrast,,
ham,Your package has been delivered successfully. View the delivery location and tracking updates in your orders page.,NONE,BENIGN,ADVERSARIAL,ADVERSARIAL,cx_pair_3,contextual_contrast,,
spam,Your OTP for password reset is 482913. Enter it on the unknown page to recover access.,FRAUD,MALICIOUS,ADVERSARIAL,ADVERSARIAL,cx_pair_4,contextual_contrast,,
ham,"Your OTP for login is 482913. It expires in 10 minutes. Never share this code with anyone, including support staff.",NONE,BENIGN,ADVERSARIAL,ADVERSARIAL,cx_pair_5,contextual_contrast,,
spam,Police registration required — pay the attached fine via the link to close the complaint.,FRAUD,MALICIOUS,ADVERSARIAL,ADVERSARIAL,cx_pair_6,contextual_contrast,,
ham,Police verification appointment is confirmed for Friday at 11 AM. Carry your original identity documents.,NONE,BENIGN,ADVERSARIAL,ADVERSARIAL,cx_pair_7,contextual_contrast,,
spam,Your electricity connection will be disconnected — pay the outstanding dues on the provided link now.,FRAUD,MALICIOUS,ADVERSARIAL,ADVERSARIAL,cx_pair_8,contextual_contrast,,
ham,Your electricity bill of Rs 1240 was paid successfully. Receipt is attached for your records.,NONE,BENIGN,ADVERSARIAL,ADVERSARIAL,cx_pair_9,contextual_contrast,,
spam,"You won the annual cash prize of Rs 1,00,000. Claim by submitting your bank details.",FRAUD,MALICIOUS,ADVERSARIAL,ADVERSARIAL,cx_pair_10,contextual_contrast,,
ham,You won the internal company performance award for Q3. The certificate is attached.,NONE,BENIGN,ADVERSARIAL,ADVERSARIAL,cx_pair_11,contextual_contrast,,
ham,"Security Alert: A new login to your account was detected from Chrome on Windows. If this was you, review your session in account settings.",NONE,BENIGN,SYNTHETIC,HARD,ph_ham_0_0,legit_security_alert,,
ham,Two-Factor Authentication: Your verification code is 771209. This code expires in 10 minutes. Never provide this code to anyone.,NONE,BENIGN,SYNTHETIC,HARD,ph_ham_1_0,legit_security_alert,,
ham,Payment Confirmation: Your tuition payment of Rs 50000 has been processed successfully. Transaction ID: 678186. Receipt attached.,NONE,BENIGN,SYNTHETIC,HARD,ph_ham_2_0,legit_security_alert,,
ham,Payment Confirmation: Your tuition payment of Rs 500 has been processed successfully. Transaction ID: 830854. Receipt attached.,NONE,BENIGN,SYNTHETIC,HARD,ph_ham_2_1,legit_security_alert,,
ham,Invoice: Your vendor payment of Rs 500 has been scheduled for direct deposit on Monday. Confirmation number 969296.,NONE,BENIGN,SYNTHETIC,HARD,ph_ham_3_0,legit_security_alert,,
ham,Invoice: Your vendor payment of Rs 2500 has been scheduled for direct deposit on Monday. Confirmation number 448701.,NONE,BENIGN,SYNTHETIC,HARD,ph_ham_3_1,legit_security_alert,,
ham,Order Confirmation: Your order #490557 has been placed and confirmed. Estimated delivery is Thursday. Track your shipment from your account.,NONE,BENIGN,SYNTHETIC,HARD,ph_ham_4_0,legit_security_alert,,
ham,Order Confirmation: Your order #411336 has been placed and confirmed. Estimated delivery is Thursday. Track your shipment from your account.,NONE,BENIGN,SYNTHETIC,HARD,ph_ham_4_1,legit_security_alert,,
ham,"Password Reset: We received a request to reset your password. Use the link in this email only if you initiated it. If not, ignore this message.",NONE,BENIGN,SYNTHETIC,HARD,ph_ham_5_0,legit_security_alert,,
ham,IT Notice: Your SSO password will expire in 5 days. Please update your credentials through the internal intranet portal.,NONE,BENIGN,SYNTHETIC,HARD,ph_ham_6_0,legit_security_alert,,
ham,"Account Login: New sign-in from a new device. If this was not you, check your recent security activity and secure your account recovery options.",NONE,BENIGN,SYNTHETIC,HARD,ph_ham_7_0,legit_security_alert,,
ham,Delivery Update: Your item has been out for delivery since 9 AM. No signature is required. Track live from your orders page.,NONE,BENIGN,SYNTHETIC,HARD,ph_ham_8_0,legit_security_alert,,
ham,"Dear customer, your transaction of Rs 2500 on your debit card ending 575013 has been approved. If this was not you, please contact your branch. This is a system-generated message, please do not reply.",NONE,BENIGN,SYNTHETIC,HARD,ph_sysal_0,legit_system_alerts,,
ham,"Dear customer, your transaction of Rs 500 on your debit card ending 615885 has been approved. If this was not you, please contact your branch. This is a system-generated message, please do not reply.",NONE,BENIGN,SYNTHETIC,HARD,ph_sysal_0,legit_system_alerts,,
ham,"Dear customer, your transaction of Rs 50000 on your debit card ending 755550 has been approved. If this was not you, please contact your branch. This is a system-generated message, please do not reply.",NONE,BENIGN,SYNTHETIC,HARD,ph_sysal_0,legit_system_alerts,,
ham,"Dear customer, your UPI payment of Rs 50000 to Divya Menon has been successful. UPI Ref: 130193. This is an automated message — no response is required.",NONE,BENIGN,SYNTHETIC,HARD,ph_sysal_1,legit_system_alerts,,
ham,"Dear customer, your UPI payment of Rs 3500 to Rohan Gupta has been successful. UPI Ref: 918673. This is an automated message — no response is required.",NONE,BENIGN,SYNTHETIC,HARD,ph_sysal_1,legit_system_alerts,,
ham,"Dear customer, your UPI payment of Rs 1500 to Divya Menon has been successful. UPI Ref: 977355. This is an automated message — no response is required.",NONE,BENIGN,SYNTHETIC,HARD,ph_sysal_1,legit_system_alerts,,
ham,"Your account ending 888612 has been credited with Rs 2500. Available balance: Rs 12000. For privacy, we do not include clickable links in transaction alerts.",NONE,BENIGN,SYNTHETIC,HARD,ph_sysal_2,legit_system_alerts,,
ham,"Your account ending 109095 has been credited with Rs 500. Available balance: Rs 3500. For privacy, we do not include clickable links in transaction alerts.",NONE,BENIGN,SYNTHETIC,HARD,ph_sysal_2,legit_system_alerts,,
ham,"Your account ending 884342 has been credited with Rs 3500. Available balance: Rs 2500. For privacy, we do not include clickable links in transaction alerts.",NONE,BENIGN,SYNTHETIC,HARD,ph_sysal_2,legit_system_alerts,,
ham,"OTP for transaction of Rs 3500 on your card ending 995247: 902318. Valid for 10 minutes. Never share your OTP or card details with anyone, including bank employees.",NONE,BENIGN,SYNTHETIC,HARD,ph_sysal_3,legit_system_alerts,,
ham,"OTP for transaction of Rs 2500 on your card ending 932841: 428176. Valid for 10 minutes. Never share your OTP or card details with anyone, including bank employees.",NONE,BENIGN,SYNTHETIC,HARD,ph_sysal_3,legit_system_alerts,,
ham,"OTP for transaction of Rs 2500 on your card ending 699630: 439510. Valid for 10 minutes. Never share your OTP or card details with anyone, including bank employees.",NONE,BENIGN,SYNTHETIC,HARD,ph_sysal_3,legit_system_alerts,,
ham,Login OTP for your online banking: 583412. The code is valid for one session only and expires in 5 minutes. Do not disclose this code to callers.,NONE,BENIGN,SYNTHETIC,HARD,ph_sysal_4,legit_system_alerts,,
ham,Login OTP for your online banking: 902318. The code is valid for one session only and expires in 5 minutes. Do not disclose this code to callers.,NONE,BENIGN,SYNTHETIC,HARD,ph_sysal_4,legit_system_alerts,,
ham,"Your password was changed successfully at 633468 AM. If this was not you, use the official app to lock your account and contact support. No further action if this was you.",NONE,BENIGN,SYNTHETIC,HARD,ph_sysal_5,legit_system_alerts,,
ham,"Your password was changed successfully at 280092 AM. If this was not you, use the official app to lock your account and contact support. No further action if this was you.",NONE,BENIGN,SYNTHETIC,HARD,ph_sysal_5,legit_system_alerts,,
ham,"Your password was changed successfully at 730227 AM. If this was not you, use the official app to lock your account and contact support. No further action if this was you.",NONE,BENIGN,SYNTHETIC,HARD,ph_sysal_5,legit_system_alerts,,
ham,"We detected a sign-in from a new device using your email. If this was you, you can ignore this notification. If not, secure your account immediately from Security settings.",NONE,BENIGN,SYNTHETIC,HARD,ph_sysal_6,legit_system_alerts,,
ham,"Your password reset request has been processed. If you did not request this, please reset again through the official portal. If you did, no action is needed.",NONE,BENIGN,SYNTHETIC,HARD,ph_sysal_7,legit_system_alerts,,
ham,KYC confirmed: Your account records are up to date. No documents are required at this time. You will be notified on the portal if any action is needed.,NONE,BENIGN,SYNTHETIC,HARD,ph_sysal_8,legit_system_alerts,,
ham,Aadhaar verification for your account has been completed successfully. No further verification is pending for the current cycle.,NONE,BENIGN,SYNTHETIC,HARD,ph_sysal_9,legit_system_alerts,,
ham,Electricity bill of Rs 3500 has been paid successfully via auto-pay. Receipt no. 286773. This notice is for your records only.,NONE,BENIGN,SYNTHETIC,HARD,ph_sysal_10,legit_system_alerts,,
ham,Electricity bill of Rs 12500 has been paid successfully via auto-pay. Receipt no. 206347. This notice is for your records only.,NONE,BENIGN,SYNTHETIC,HARD,ph_sysal_10,legit_system_alerts,,
ham,Electricity bill of Rs 500 has been paid successfully via auto-pay. Receipt no. 492531. This notice is for your records only.,NONE,BENIGN,SYNTHETIC,HARD,ph_sysal_10,legit_system_alerts,,
ham,"Your mobile bill of Rs 1500 is due on the 5th. Auto-pay is enabled on your registered account. If payment fails, you will receive a separate notification.",NONE,BENIGN,SYNTHETIC,HARD,ph_sysal_11,legit_system_alerts,,
ham,"Your mobile bill of Rs 2 Lakh is due on the 5th. Auto-pay is enabled on your registered account. If payment fails, you will receive a separate notification.",NONE,BENIGN,SYNTHETIC,HARD,ph_sysal_11,legit_system_alerts,,
ham,"Your mobile bill of Rs 50000 is due on the 5th. Auto-pay is enabled on your registered account. If payment fails, you will receive a separate notification.",NONE,BENIGN,SYNTHETIC,HARD,ph_sysal_11,legit_system_alerts,,
ham,Insurance premium of Rs 12000 was collected successfully. Policy 575956 remains active until renewal. No further payment is due this month.,NONE,BENIGN,SYNTHETIC,HARD,ph_sysal_12,legit_system_alerts,,
ham,Insurance premium of Rs 500 was collected successfully. Policy 806630 remains active until renewal. No further payment is due this month.,NONE,BENIGN,SYNTHETIC,HARD,ph_sysal_12,legit_system_alerts,,
ham,Insurance premium of Rs 50000 was collected successfully. Policy 629389 remains active until renewal. No further payment is due this month.,NONE,BENIGN,SYNTHETIC,HARD,ph_sysal_12,legit_system_alerts,,
ham,Refund of Rs 500 for your cancelled course registration has been initiated to your original payment method. Expected within 5-7 business days.,NONE,BENIGN,SYNTHETIC,HARD,ph_sysal_13,legit_system_alerts,,
ham,Refund of Rs 1500 for your cancelled course registration has been initiated to your original payment method. Expected within 5-7 business days.,NONE,BENIGN,SYNTHETIC,HARD,ph_sysal_13,legit_system_alerts,,
ham,Refund of Rs 3500 for your cancelled course registration has been initiated to your original payment method. Expected within 5-7 business days.,NONE,BENIGN,SYNTHETIC,HARD,ph_sysal_13,legit_system_alerts,,
ham,Refund of Rs 500 for order #714828 has been initiated to your original payment method. You do not need to take any action for this refund.,NONE,BENIGN,SYNTHETIC,HARD,ph_sysal_14,legit_system_alerts,,
ham,Refund of Rs 500 for order #769997 has been initiated to your original payment method. You do not need to take any action for this refund.,NONE,BENIGN,SYNTHETIC,HARD,ph_sysal_14,legit_system_alerts,,
ham,Refund of Rs 12500 for order #438075 has been initiated to your original payment method. You do not need to take any action for this refund.,NONE,BENIGN,SYNTHETIC,HARD,ph_sysal_14,legit_system_alerts,,
ham,Your reimbursement claim 850380 has been verified and approved by the finance department. Amount of Rs 1500 will be credited in the next payroll cycle.,NONE,BENIGN,SYNTHETIC,HARD,ph_sysal_15,legit_system_alerts,,
ham,Your reimbursement claim 935060 has been verified and approved by the finance department. Amount of Rs 500 will be credited in the next payroll cycle.,NONE,BENIGN,SYNTHETIC,HARD,ph_sysal_15,legit_system_alerts,,
ham,Your reimbursement claim 148025 has been verified and approved by the finance department. Amount of Rs 12000 will be credited in the next payroll cycle.,NONE,BENIGN,SYNTHETIC,HARD,ph_sysal_15,legit_system_alerts,,
ham,Invoice 196154 from Amit Verma is attached for your records. Payment terms remain 30 days from issue. Please confirm receipt at your convenience.,NONE,BENIGN,SYNTHETIC,HARD,ph_sysal_16,legit_system_alerts,,
ham,Invoice 472437 from Rohan Gupta is attached for your records. Payment terms remain 30 days from issue. Please confirm receipt at your convenience.,NONE,BENIGN,SYNTHETIC,HARD,ph_sysal_16,legit_system_alerts,,
ham,Invoice 665752 from Amit Verma is attached for your records. Payment terms remain 30 days from issue. Please confirm receipt at your convenience.,NONE,BENIGN,SYNTHETIC,HARD,ph_sysal_16,legit_system_alerts,,
ham,Statement of account for the quarter is now available in the customer portal. To protect your data we do not attach statements to email.,NONE,BENIGN,SYNTHETIC,HARD,ph_sysal_17,legit_system_alerts,,
ham,Annual security training is due. The module takes 20 minutes and is available on the learning portal. Completion is mandatory for all staff by month end.,NONE,BENIGN,SYNTHETIC,HARD,ph_sysal_18,legit_system_alerts,,
ham,Scheduled maintenance: the portal will be unavailable Sunday 2-4 AM. Services resume automatically; no credentials are required afterwards.,NONE,BENIGN,SYNTHETIC,HARD,ph_sysal_19,legit_system_alerts,,
ham,Your appointment with Rajesh Kumar has been confirmed for 811493 AM. Please arrive 10 minutes early with your appointment letter and ID. Use the registration desk for check-in.,NONE,BENIGN,SYNTHETIC,HARD,ph_sysal_20,legit_system_alerts,,
ham,Your appointment with Vikram Singh has been confirmed for 856982 AM. Please arrive 10 minutes early with your appointment letter and ID. Use the registration desk for check-in.,NONE,BENIGN,SYNTHETIC,HARD,ph_sysal_20,legit_system_alerts,,
ham,Your appointment with Vikram Singh has been confirmed for 951862 AM. Please arrive 10 minutes early with your appointment letter and ID. Use the registration desk for check-in.,NONE,BENIGN,SYNTHETIC,HARD,ph_sysal_20,legit_system_alerts,,
ham,"Thank you for registering for the departmental seminar. Your seat is confirmed. Entry is with your university ID card, no external link required.",NONE,BENIGN,SYNTHETIC,HARD,ph_sysal_21,legit_system_alerts,,
ham,Your library holds are ready for pickup at the front desk until Friday. Items not collected will be returned to the shelf.,NONE,BENIGN,SYNTHETIC,HARD,ph_sysal_22,legit_system_alerts,,
ham,Good news — your scholarship disbursement of Rs 50000 has been processed and will reflect in your account within 3 working days. Official receipt attached.,NONE,BENIGN,SYNTHETIC,HARD,ph_sysal_23,legit_system_alerts,,
ham,Good news — your scholarship disbursement of Rs 1500 has been processed and will reflect in your account within 3 working days. Official receipt attached.,NONE,BENIGN,SYNTHETIC,HARD,ph_sysal_23,legit_system_alerts,,
ham,Good news — your scholarship disbursement of Rs 500 has been processed and will reflect in your account within 3 working days. Official receipt attached.,NONE,BENIGN,SYNTHETIC,HARD,ph_sysal_23,legit_system_alerts,,
ham,This is a mandatory regulatory notification regarding your registered holdings. No action is required from you at this time. Automated correspondence — please do not respond.,NONE,BENIGN,SYNTHETIC,HARD,ph_sysal_24,legit_system_alerts,,
ham,"We will never ask for your password, OTP, or card PIN by email or phone. Please ignore any request that does so, however official it appears.",NONE,BENIGN,SYNTHETIC,HARD,ph_sysal_25,legit_system_alerts,,
ham,Bank correspondence is sent only through the official mobile application and SMS. Unlinked emails claiming to be from your bank are fraudulent.,NONE,BENIGN,SYNTHETIC,HARD,ph_sysal_26,legit_system_alerts,,
ham,Reminder: your statement cycle closed on the 25th. The statement is available in your secure inbox; no link is included in this email on purpose.,NONE,BENIGN,SYNTHETIC,HARD,ph_sysal_27,legit_system_alerts,,
ham,Security tip from the information security team: always type known portal addresses yourself instead of following links in messages.,NONE,BENIGN,SYNTHETIC,HARD,ph_sysal_28,legit_system_alerts,,
ham,"Security notice: a new sign-in was detected on an unrecognized device from a new location. If this was you, you can ignore this message. If not, review recent activity in Security settings.",NONE,BENIGN,SYNTHETIC,HARD,ph_sysal_29,legit_system_alerts,,
ham,"We detected a sign-in from a new device using your email. If this was you, no action is needed. If not, secure your account immediately. This is an automated notification.",NONE,BENIGN,SYNTHETIC,HARD,ph_sysal_30,legit_system_alerts,,
ham,"New login to your account from an unknown device. If this was you, you can continue this session. If not, lock the account from Security settings. No external link is required.",NONE,BENIGN,SYNTHETIC,HARD,ph_sysal_31,legit_system_alerts,,
ham,"Your account was accessed from a device you have not used before. If this does not match your activity, review the session list and end any sessions you do not recognise.",NONE,BENIGN,SYNTHETIC,HARD,ph_sysal_32,legit_system_alerts,,
ham,"Security notice: a new sign-in was detected on an unrecognized device. If this was you, no further action is required. If not, review your recent activity in Security settings.",NONE,BENIGN,SYNTHETIC,HARD,ph_sysal_33,legit_system_alerts,,
ham,"Security notice: a sign-in was detected from a new location using an unrecognized device. Rest assured, your existing sessions remain active until you end them.",NONE,BENIGN,SYNTHETIC,HARD,ph_sysal_34,legit_system_alerts,,
ham,"We logged a new sign-in attempt from a device that does not match your usual devices. If the device is yours, continue. Otherwise end the session from Account settings.",NONE,BENIGN,SYNTHETIC,HARD,ph_sysal_35,legit_system_alerts,,
ham,A login alert was raised for your account from a location you do not usually use. If you recognise this activity you can ignore it; otherwise lock the account and change your password.,NONE,BENIGN,SYNTHETIC,HARD,ph_sysal_36,legit_system_alerts,,
ham,Legitimate bank messages never ask you to follow a link to enter credentials. Verify the sender domain before acting on any banking email.,NONE,BENIGN,SYNTHETIC,HARD,ph_sysal_37,legit_system_alerts,,
ham,"Our bank communicates only through the official mobile application, SMS, and our verified domain addresses. If an email claims to be us and asks for your PIN, it is fraudulent — report it to the bank without replying to the message.",NONE,BENIGN,SYNTHETIC,HARD,ph_sysal_38,legit_system_alerts,,
ham,"If you receive an email that asks for your one-time password, card number, or PIN, do not respond. The bank will never request these details by email under any circumstance.",NONE,BENIGN,SYNTHETIC,HARD,ph_sysal_39,legit_system_alerts,,
ham,"A request to change your registered mobile number was received. If this was not you, contact support immediately. If it was you, no further action is needed.",NONE,BENIGN,SYNTHETIC,HARD,ph_sysal_40,legit_system_alerts,,
ham,Your PAN and Aadhaar verification status is confirmed for the current financial year. No further documentation is required unless separately notified in the portal.,NONE,BENIGN,SYNTHETIC,HARD,ph_sysal_41,legit_system_alerts,,
ham,"To claim your travel reimbursement, submit the expense form at the finance desk with original receipts by the 10th of next month.",NONE,BENIGN,SYNTHETIC,HARD,ph_sysal_42,legit_system_alerts,,
ham,Claims for medical reimbursement are processed on the 1st and 15th. Submit your prescriptions and bills to the HR desk with the approval email.,NONE,BENIGN,SYNTHETIC,HARD,ph_sysal_43,legit_system_alerts,,
ham,Your reimbursement claim for last month was approved. The amount will be credited with the next payroll cycle. No further action is required.,NONE,BENIGN,SYNTHETIC,HARD,ph_sysal_44,legit_system_alerts,,
ham,The finance team reminds you: any claim you submit must include the approval email from your reporting manager before it can be processed.,NONE,BENIGN,SYNTHETIC,HARD,ph_sysal_45,legit_system_alerts,,
ham,"Your weekly digest is ready — top stories in AI research, curated by our editorial team. Read the full digest in your member portal: https://digest.org/weekly",NONE,BENIGN,SYNTHETIC,MEDIUM,ph_mkt_0,legit_marketing,read online,https://digest.in
ham,We updated our privacy policy. An overview of the changes is on our official site: https://privacy.info/summary. No action is required unless you disagree.,NONE,BENIGN,SYNTHETIC,MEDIUM,ph_mkt_1,legit_marketing,read online,https://digest.info
ham,Thanks for subscribing to the campus newsletter. The first issue is out — open it here: https://newsletter.in/issue-1,NONE,BENIGN,SYNTHETIC,MEDIUM,ph_mkt_2,legit_marketing,read online,https://digest.net
ham,Your favourite store's winter collection is live. Preview the lookbook: https://lookbook.net/winter. Unsubscribe anytime from your preferences page.,NONE,BENIGN,SYNTHETIC,MEDIUM,ph_mkt_3,legit_marketing,read online,https://digest.in
ham,The design team shipped version 3.2 of the app. Release notes: https://releases.net/v3-2. Update for the latest fixes.,NONE,BENIGN,SYNTHETIC,MEDIUM,ph_mkt_4,legit_marketing,read online,https://digest.net
ham,Webinar invite — 'Building Threat Detection on a Budget'. Register through the event page: https://events.com/register,NONE,BENIGN,SYNTHETIC,MEDIUM,ph_mkt_5,legit_marketing,read online,https://digest.com
ham,Your community forum digest for this week — new discussions in the security channel. Read online: https://forum.org/digest,NONE,BENIGN,SYNTHETIC,MEDIUM,ph_mkt_6,legit_marketing,read online,https://digest.com
ham,Company-wide survey on hybrid work is open. Complete it at https://survey.org/hybrid — takes 3 minutes. Participation is voluntary.,NONE,BENIGN,SYNTHETIC,MEDIUM,ph_mkt_7,legit_marketing,read online,https://digest.info
ham,New arrivals are here — preview the autumn collection and the accessory lookbook: https://lookbook.com/autumn,NONE,BENIGN,SYNTHETIC,MEDIUM,ph_mkt_8,legit_marketing,read online,https://digest.in
ham,"Flash sale starting Friday for members. Browse the sale preview now: https://shop.info/sale, or set your preferences to stay updated.",NONE,BENIGN,SYNTHETIC,MEDIUM,ph_mkt_9,legit_marketing,read online,https://digest.info
ham,Your style quiz results are ready. Open the personalised lookbook at https://lookbook.info/me and update your preferences anytime.,NONE,BENIGN,SYNTHETIC,MEDIUM,ph_mkt_10,legit_marketing,read online,https://digest.co
ham,You won the internal company performance award for Q3. The certificate has been shared with your manager and will be distributed at the town hall.,NONE,BENIGN,SYNTHETIC,HARD,ph_award_0,legit_announcements,,
ham,Congratulations — the internal hackathon results are out. Team 'Nullified' won the finals; participation certificates are on the intranet.,NONE,BENIGN,SYNTHETIC,HARD,ph_award_1,legit_announcements,,
ham,Employee of the Month for October has been announced. The internal award is presented at the monthly all-hands meeting.,NONE,BENIGN,SYNTHETIC,HARD,ph_award_2,legit_announcements,,
ham,"In the internal staff lottery held during the annual meeting, your employee ID was drawn. No payment or action is required to collect the kit at the reception desk.",NONE,BENIGN,SYNTHETIC,HARD,ph_award_3,legit_announcements,,
ham,You have been selected for the shortlist of the internal mentoring program. No action is required — the onboarding session details will follow by next week.,NONE,BENIGN,SYNTHETIC,HARD,ph_award_4,legit_announcements,,
ham,The Q3 innovation awards were announced internally. Congratulations to all nominated teams; certificates will be handed out at the quarterly town hall.,NONE,BENIGN,SYNTHETIC,HARD,ph_award_5,legit_announcements,,
spam,Final contract for approval is attached. Open the document and enable macros to display the digital countersignature before our meeting.,MALWARE,MALICIOUS,SYNTHETIC,HARD,px_macro_0,macro_malware,,
spam,"The signed PO is in the attachment. Please enable content to let the embedded signature render, then return the confirmation form.",MALWARE,MALICIOUS,SYNTHETIC,HARD,px_macro_1,macro_malware,,
spam,"Updated payslip attached — enable editing and press Ctrl+Shift+Enter to refresh the secure calculations, then save a copy for records.",MALWARE,MALICIOUS,SYNTHETIC,HARD,px_macro_2,macro_malware,,
spam,The archive contains the full project backup. Extract it and run the included launcher to view the interactive project report.,MALWARE,MALICIOUS,SYNTHETIC,HARD,px_macro_3,macro_malware,,
spam,Invoice document attached in the password-protected archive. The password is your employee ID. Open and enable macro content to print.,MALWARE,MALICIOUS,SYNTHETIC,HARD,px_macro_4,macro_malware,,
spam,"Your bonus letter is attached as a smart document. Open it, allow the embedded object to load, and confirm receipt.",MALWARE,MALICIOUS,SYNTHETIC,HARD,px_macro_5,macro_malware,,
spam,Final terms document is attached. To view the countersigned copy you must enable the digital signature macro — click enable content when prompted.,MALWARE,MALICIOUS,SYNTHETIC,HARD,px_macro_6,macro_malware,,
spam,"The stamped agreement is in the attachment. Enable editing first, then press Enable Content so the embedded signature renders correctly.",MALWARE,MALICIOUS,SYNTHETIC,HARD,px_macro_7,macro_malware,,
spam,The updated benefits booklet needs macro security disabled in Word to display the interactive rate tables. Open and follow the instructions in the document.,MALWARE,MALICIOUS,SYNTHETIC,HARD,px_macro_8,macro_malware,,
spam,Please review the attached offer letter. The document contains an embedded signature that requires you to click Enable Content to load it.,MALWARE,MALICIOUS,SYNTHETIC,HARD,px_macro_9,macro_malware,,
spam,The encrypted project brief is attached. Run the packaged viewer from the attachment to open the interactive dashboard.,MALWARE,MALICIOUS,SYNTHETIC,HARD,px_macro_10,macro_malware,,
spam,"Copy of the executed NDA is attached. Allow the ActiveX object inside to render, then sign the digital acknowledgement form.",MALWARE,MALICIOUS,SYNTHETIC,HARD,px_macro_11,macro_malware,,
spam,Your tax computation sheet is attached. The workbook uses an embedded macro to pull live exchange rates — enable content before April tracking.,MALWARE,MALICIOUS,SYNTHETIC,HARD,px_macro_12,macro_malware,,
spam,Vikas shared the file 'Salary-Review.xlsx' with you on our portal. Click to review: https://verify-now.net/share/dl,PHISHING,MALICIOUS,SYNTHETIC,HARD,px_docshare_0,doc_sharing_phish,click to review,https://account-update.com/share
spam,You have been granted access to the budget folder. Sign in with your work account to view it: https://account-update.co/docs/a1,PHISHING,MALICIOUS,SYNTHETIC,HARD,px_docshare_1,doc_sharing_phish,click to review,https://payments-portal.co/share
spam,A colleague mentioned you in Q3-Metrics.docx. Review the comments: https://identity-confirm.info/doc/c9,PHISHING,MALICIOUS,SYNTHETIC,HARD,px_docshare_2,doc_sharing_phish,click to review,https://account-update.net/share
spam,The 'NDA-Draft' file was shared with you. Access it before it expires: https://verify-now.co/s/exp?q=7,PHISHING,MALICIOUS,SYNTHETIC,HARD,px_docshare_3,doc_sharing_phish,click to review,https://verify-now.com/share
spam,Shared file 'Vendor-Master-new.xlsx' requires your sign-in to open. Complete authentication to preview: https://kyc-review.info/u/preview,PHISHING,MALICIOUS,SYNTHETIC,HARD,px_docshare_4,doc_sharing_phish,click to review,https://verify-now.co/share
spam,"Your share link for 'Audit-Reports-Q2' is ready. To open, verify your identity: https://verify-now.in/v/identity",PHISHING,MALICIOUS,SYNTHETIC,HARD,px_docshare_5,doc_sharing_phish,click to review,https://claim-refund.com/share
spam,A colleague shared the folder 'Q3 Metrics' with you. Review and approve the sharing certificate embedded in the shared note to restore full access: https://secure-verify.org/cert,PHISHING,MALICIOUS,SYNTHETIC,HARD,px_docshare_6,doc_sharing_phish,click to review,https://claim-refund.info/share
spam,The 'Vendor-Master' document was shared from a secure external workspace. Authentication is required before the contents can be decrypted: https://verify-now.info/secure/open,PHISHING,MALICIOUS,SYNTHETIC,HARD,px_docshare_7,doc_sharing_phish,click to review,https://identity-confirm.org/share
spam,You have a new document request from the compliance team. Open the shared envelope with your organisation sign-in to continue: https://login-check.com/envelope,PHISHING,MALICIOUS,SYNTHETIC,HARD,px_docshare_8,doc_sharing_phish,click to review,https://account-update.info/share
spam,A colleague shared a folder with you. Review and approve the sharing certificate embedded in the shared note to restore full access to the folder.,PHISHING,MALICIOUS,SYNTHETIC,HARD,px_docshare_9,doc_sharing_phish,click to review,https://kyc-review.co/share
spam,The shared document 'Handover-Notes' requires your confirmation before it can be opened. Approve the access request now.,PHISHING,MALICIOUS,SYNTHETIC,HARD,px_docshare_10,doc_sharing_phish,click to review,https://kyc-review.com/share
ham,Rohit shared the folder 'Team Photos' with you on the company drive. Access it from your apps — no password is needed.,NONE,BENIGN,SYNTHETIC,HARD,ph_docshare_0,doc_sharing_legit,,
ham,The design team shared 'Brand Assets v3' with you in the shared workspace. You can open it directly from the workspace home screen.,NONE,BENIGN,SYNTHETIC,HARD,ph_docshare_1,doc_sharing_legit,,
ham,Your documents were moved to the new shared drive. The migration is complete and everything is accessible from your existing folder view.,NONE,BENIGN,SYNTHETIC,HARD,ph_docshare_2,doc_sharing_legit,,
ham,A read-only copy of the meeting notes was shared with the mailing list. Open it from the shared drive link in your calendar invite.,NONE,BENIGN,SYNTHETIC,HARD,ph_docshare_3,doc_sharing_legit,,
spam,FREE call minutes for you today — dial now and claim your reward.,FRAUD,MALICIOUS,ADVERSARIAL,ADVERSARIAL,at_pair_0,adversarial_tokens,,
ham,FREE admission for university students — bring your student ID to the gate.,NONE,BENIGN,ADVERSARIAL,ADVERSARIAL,at_pair_1,adversarial_tokens,,
spam,Claim your prize money now by entering your card details below.,FRAUD,MALICIOUS,ADVERSARIAL,ADVERSARIAL,at_pair_2,adversarial_tokens,,
ham,Claim your travel reimbursement by submitting the expense form to the finance office.,NONE,BENIGN,ADVERSARIAL,ADVERSARIAL,at_pair_3,adversarial_tokens,,
spam,"Congratulations, your account has won a lottery. Enter your password to claim it.",FRAUD,MALICIOUS,ADVERSARIAL,ADVERSARIAL,at_pair_4,adversarial_tokens,,
ham,"Congratulations, you have been selected for the research internship. Attend orientation tomorrow.",NONE,BENIGN,ADVERSARIAL,ADVERSARIAL,at_pair_5,adversarial_tokens,,
spam,Your account has been suspended. Enter your password to restore access.,FRAUD,MALICIOUS,ADVERSARIAL,ADVERSARIAL,at_pair_6,adversarial_tokens,,
ham,Your account has been noted for the annual audit. No password is required.,NONE,BENIGN,ADVERSARIAL,ADVERSARIAL,at_pair_7,adversarial_tokens,,
spam,Urgent — send your payment to the new account immediately to avoid penalty.,FRAUD,MALICIOUS,ADVERSARIAL,ADVERSARIAL,at_pair_8,adversarial_tokens,,
ham,Urgent — the library closes early today at 5 PM due to weather. Returned books auto-renew.,NONE,BENIGN,ADVERSARIAL,ADVERSARIAL,at_pair_9,adversarial_tokens,,
spam,http://bit.ly/3xr9K2z,SOCIAL_ENGINEERING,MALICIOUS,ADVERSARIAL,ADVERSARIAL,px_short_0,short_malicious,,http://bit.ly/3xr9K2z
spam,https://tracking-update.in/live,SOCIAL_ENGINEERING,MALICIOUS,ADVERSARIAL,ADVERSARIAL,px_short_1,short_malicious,,https://tracking-update.in/live
spam,"Hi, see attached.",SOCIAL_ENGINEERING,MALICIOUS,ADVERSARIAL,ADVERSARIAL,px_short_2,short_malicious,,
spam,Please review.,SOCIAL_ENGINEERING,MALICIOUS,ADVERSARIAL,ADVERSARIAL,px_short_3,short_malicious,,
spam,Confirm this.,SOCIAL_ENGINEERING,MALICIOUS,ADVERSARIAL,ADVERSARIAL,px_short_4,short_malicious,,
spam,Details in the attachment.,SOCIAL_ENGINEERING,MALICIOUS,ADVERSARIAL,ADVERSARIAL,px_short_5,short_malicious,,
spam,Approve immediately.,SOCIAL_ENGINEERING,MALICIOUS,ADVERSARIAL,ADVERSARIAL,px_short_6,short_malicious,,
spam,Verify now: https://update-portal.info/verify,SOCIAL_ENGINEERING,MALICIOUS,ADVERSARIAL,ADVERSARIAL,px_short_7,short_malicious,,
ham,Please review the attached agenda for tomorrow's standup.,NONE,BENIGN,SYNTHETIC,HARD,ph_short_0,short_legit,,
ham,Confirm this works before the demo.,NONE,BENIGN,SYNTHETIC,HARD,ph_short_1,short_legit,,
ham,The latest build is attached — please test.,NONE,BENIGN,SYNTHETIC,HARD,ph_short_2,short_legit,,
ham,Approved — please proceed with the merge request.,NONE,BENIGN,SYNTHETIC,HARD,ph_short_3,short_legit,,
ham,Details in the attachment as discussed.,NONE,BENIGN,SYNTHETIC,HARD,ph_short_4,short_legit,,
